# This file uses centimeters as units for non-parametric coordinates.

mtllib Hand v4.mtl
g default
v -8.010138 -19.268413 1.020095
v -7.287665 -19.766702 -2.323215
v -7.961688 -16.437265 0.961882
v -7.252345 -16.863946 -2.488549
v -5.070028 -19.990058 -4.043839
v -4.978322 -17.124748 -4.362528
v -2.028366 -19.907791 -2.998926
v -1.788092 -17.289428 -3.275154
v 0.218250 -19.557326 0.187347
v 0.473541 -17.090543 -0.032641
v -0.711347 -19.055491 3.284435
v -0.455255 -16.609747 3.235970
v -3.419981 -18.802745 4.366431
v -3.271642 -16.265298 4.266716
v -6.360439 -18.929220 3.770441
v -6.256356 -16.221243 3.742681
v -0.181460 -13.578230 3.387506
v -3.012585 -13.306368 4.446021
v 0.627898 -14.082176 -0.095736
v -0.173164 -10.202340 3.135805
v -2.723654 -10.023111 4.260689
v 0.411398 -10.529502 -0.221887
v -7.288270 -9.921698 1.380492
v -7.810880 -13.254102 1.166109
v -5.985840 -13.211692 3.712872
v -5.493202 -9.952907 3.596427
v -4.848021 -10.448038 -3.922605
v -1.693162 -10.665930 -3.352624
v -1.506605 -14.220743 -3.354939
v -4.882437 -13.900541 -4.133241
v -7.272539 -13.530415 -2.092559
v -7.013783 -10.103817 -1.695655
v -4.940858 -6.473409 3.236984
v -6.576469 -6.478427 1.426823
v -2.503127 -6.513751 3.858307
v -4.413684 -3.315233 2.992086
v -5.794665 -3.312617 1.404955
v -2.306243 -3.322339 3.567960
v -6.460042 -6.640777 -1.437440
v -5.778516 -3.409848 -1.125066
v -4.627919 -6.728013 -3.636675
v -4.283217 -3.351305 -3.257000
v -1.681338 -6.827565 -3.109636
v -1.587083 -3.409728 -2.790716
v 0.164334 -6.741672 -0.230662
v -0.037649 -3.409531 -0.163929
v -0.336360 -6.579441 2.716829
v -0.490923 -3.347348 2.448233
v -0.122265 -0.486793 -0.145905
v -0.492856 -0.492146 2.361483
v -0.219615 2.221434 -0.233218
v -0.430711 2.087545 2.233456
v -2.042333 -0.526284 3.406486
v -1.773838 2.094256 3.372866
v -3.937605 -0.462481 2.953682
v -5.217716 -0.337047 1.483690
v -3.534789 2.205715 3.055692
v -4.779870 2.439981 1.727444
v -3.986407 -0.242866 -2.893680
v -1.501662 -0.333078 -2.574943
v -3.777706 2.765209 -2.617272
v -1.434066 2.574659 -2.556824
v -5.332205 -0.319747 -0.842174
v -4.925743 2.599621 -0.511114
v -3.390488 11.092222 -0.511181
v -2.735331 13.242399 -0.787781
v -2.226775 12.648711 -2.857918
v -3.215669 10.080555 -2.003519
v -1.977006 15.969592 -0.940408
v -1.306249 15.058792 -3.100137
v -0.932195 11.856957 -4.588608
v -1.911636 9.462399 -3.830013
v -0.012951 13.815811 -4.776458
v -3.551957 10.187822 1.223802
v -2.683079 13.158328 1.579395
v -2.888465 9.989996 3.462805
v -1.832334 12.772809 3.851426
v -1.990044 15.926765 1.649447
v -1.080656 15.205378 4.007405
v 1.423174 10.438731 -2.352393
v 0.293501 9.375441 -3.527405
v 1.010905 11.545788 -4.141902
v 1.795387 12.101815 -2.462076
v 1.630640 13.343486 -4.355496
v 2.166404 14.003303 -2.510206
v 2.208039 14.601184 2.093046
v 2.135918 13.124075 1.788370
v 1.552459 12.716685 -0.365560
v 1.940822 14.626424 -0.313219
v 1.128500 10.975537 0.885235
v 1.227356 10.245696 -0.954295
v 0.618871 11.896440 5.097180
v 1.872224 13.731910 4.392915
v 1.647297 9.203427 1.755509
v 1.299195 7.825155 3.286780
v 0.238801 5.939875 2.399386
v 0.297924 6.987808 0.294417
v 0.515453 7.778266 4.543367
v -0.874413 5.955187 3.599305
v -0.256714 4.124623 2.091691
v -0.168661 4.388936 -0.239633
v -1.507883 4.141645 3.362355
v 6.745333 12.271689 3.272342
v 5.307406 11.813105 3.333207
v 5.169530 11.937436 4.265808
v 6.627602 12.394497 4.232492
v 3.717815 11.826989 3.291801
v 3.549274 11.940738 4.562345
v 5.148452 11.333674 5.055110
v 6.972202 12.010706 5.022101
v 3.039406 11.123431 5.394123
v 2.344176 11.384317 1.464792
v 2.956150 12.449791 2.851922
v 3.630158 11.033969 2.273831
v 7.746219 10.990404 2.473081
v 5.504376 10.082562 2.763237
v 5.466913 11.041220 2.633794
v 7.154854 11.701890 2.546955
v 3.618983 9.711292 2.402097
v 3.079037 8.744516 4.768286
v 5.563824 9.388476 4.598592
v 5.399802 10.159675 5.189138
v 2.812722 9.823960 5.429689
v 8.030998 10.402783 4.482529
v 7.597295 11.088945 5.267853
v 5.555469 9.348943 3.624586
v 8.036834 10.290724 3.339194
v 3.347055 8.787581 3.492379
v 8.895537 13.982942 3.328530
v 7.751633 13.175053 3.101522
v 7.631374 13.239132 4.067155
v 8.596934 13.968665 4.049983
v 8.134189 13.028292 4.898385
v 9.094865 13.950674 4.594235
v 9.863497 13.472921 2.906789
v 9.124173 12.528170 2.483034
v 8.342461 12.867323 2.447919
v 9.187455 13.623391 2.733103
v 9.298821 12.176248 4.215274
v 8.760245 12.541910 5.006780
v 9.914654 13.280506 4.080310
v 9.430009 13.471374 4.697038
v 9.466306 12.083434 3.170729
v 10.004373 13.047474 3.299663
v 8.082845 18.604715 0.079844
v 7.259576 19.750814 -0.480847
v 7.156694 20.243773 1.059613
v 8.138819 18.911990 1.098693
v 5.701077 20.871399 -0.598854
v 5.425112 21.083686 0.989763
v 6.606315 19.167383 1.411144
v 7.640933 18.255142 1.403825
v 5.236635 19.927316 1.342315
v 3.711872 21.143752 -0.570277
v 3.334185 21.285410 1.121816
v 2.278164 20.777460 -0.590563
v 1.985556 20.667965 1.093219
v 3.868433 19.942096 1.357407
v 2.951289 19.361410 1.321651
v 1.063243 19.753120 -0.550334
v 0.789984 19.553482 1.184262
v -0.071622 18.412493 -0.894134
v -0.292297 18.145466 1.775215
v 2.126185 18.480711 1.281688
v 1.778181 17.035566 1.665541
v 3.669855 19.065149 -2.302743
v 2.694013 18.193260 -2.325971
v 1.644734 19.082519 -2.743224
v 3.037666 20.248552 -2.777305
v 2.249998 16.519535 -2.449332
v 0.288104 17.050383 -3.208511
v 1.536283 19.812560 -1.277535
v 2.937278 20.726424 -1.364562
v 3.491480 19.578197 -0.773941
v 2.535096 18.778453 -0.777959
v 1.899860 17.508989 -0.434458
v 3.251315 18.856213 1.602712
v 3.027155 18.458715 3.617500
v 2.249245 17.597294 3.743333
v 2.353275 18.023442 1.826509
v 2.302816 19.925429 3.326713
v 1.092905 18.856270 3.507935
v 1.557351 16.163917 4.093767
v -0.157881 17.308477 3.870390
v 1.115838 19.252743 1.669882
v 2.451125 20.184993 1.522241
v 2.935683 18.164897 -5.125433
v 1.918115 16.786985 -4.971181
v 1.551032 17.686428 -3.484270
v 2.774856 19.008071 -3.758257
v 0.869178 15.274726 -4.767790
v 2.666919 17.103246 -2.872501
v 3.547409 18.107169 -2.949423
v 5.190326 18.916743 1.790236
v 5.008160 18.884823 3.457421
v 3.962055 18.940418 3.533007
v 4.102978 19.090369 1.687613
v 5.345528 20.115966 3.455405
v 3.869733 20.250594 3.378829
v 3.894109 20.439025 1.555435
v 5.413292 20.115791 1.738939
v 5.706029 18.986717 -5.144216
v 4.396583 18.875974 -5.128886
v 4.222165 19.592800 -3.892200
v 5.787873 19.721022 -4.027306
v 4.758791 18.779632 -3.061222
v 5.972971 18.860133 -3.220049
v 5.723614 19.346915 -2.100792
v 4.722501 19.504715 -2.216772
v 4.597159 20.660371 -2.695037
v 6.162721 20.289812 -2.649766
v 4.528418 21.132957 -1.356215
v 6.236953 20.809729 -1.363162
v 5.794206 19.852368 -0.737698
v 4.583812 20.016735 -0.795239
v 7.348748 17.741388 2.564643
v 7.213798 17.785165 3.641521
v 6.087330 18.223675 3.657249
v 6.305859 18.208115 2.058827
v 7.564673 18.615149 3.576376
v 6.616501 19.419655 3.656357
v 6.728775 19.397602 2.002960
v 7.673552 18.554409 2.465012
v 8.079877 17.948269 -4.725506
v 7.030761 18.410853 -5.071122
v 7.295266 19.096281 -4.054470
v 8.237457 18.429303 -4.026104
v 7.155374 18.253406 -3.228938
v 8.049958 17.854689 -3.465539
v 7.290845 17.205761 -1.503221
v 6.355178 18.031606 -1.878619
v 7.130697 18.917247 -2.499417
v 7.843413 17.819206 -1.970877
v 7.378421 19.437040 -1.230194
v 8.069211 18.271884 -1.034867
v 7.457245 17.678693 -0.570224
v 6.552387 18.691529 -0.585773
v -2.828292 7.063980 -2.890257
v -4.249759 7.410343 -0.279964
v -0.441179 7.133275 -2.431850
v -3.542555 5.014467 -2.689317
v -4.594372 4.889976 -0.405281
v -1.318221 4.702250 -2.470984
v -4.400606 4.743623 1.986840
v -3.878926 7.127005 2.507981
v -3.208977 4.451028 3.254498
v -2.494850 6.700272 3.757453
v -0.587270 9.215059 5.106492
v 9.718831 13.912701 3.779033
v 7.591855 17.987871 0.360166
v 7.907820 17.353494 -4.152170
v 2.273182 18.809219 -0.157225
v 2.245221 14.815816 -4.256807
v 3.039415 16.110768 -4.122257
v 3.058252 19.573082 -0.224435
v 3.995297 19.890661 -0.256116
v 3.776182 17.240468 -4.160806
v 4.835547 17.921685 -4.243856
v 5.312940 19.725059 -0.198322
v 6.491151 18.854141 -0.038056
v 5.819294 18.087656 -4.295679
v 6.872274 17.499898 -4.216367
v -7.904403 -20.888095 -0.505401
v -7.919042 -18.131543 -0.850361
v -6.367004 -21.252712 -3.114186
v -6.293991 -18.518406 -3.675827
v -3.552944 -21.274363 -3.508964
v -3.489216 -18.665710 -4.139694
v -0.609762 -20.989492 -1.375706
v -0.460190 -18.556970 -1.802913
v 0.084417 -20.461093 2.231601
v 0.232855 -18.120434 1.846708
v -1.939521 -20.082545 4.451040
v -1.895972 -17.686604 3.909852
v -4.961967 -20.144170 4.513357
v -4.890909 -17.547651 4.220027
v -7.409143 -20.445228 2.721206
v -7.443651 -17.699002 2.587435
v -1.630630 -14.968058 4.116751
v 0.525512 -15.423320 1.822182
v -1.406345 -11.786419 4.122968
v 0.558931 -12.145186 1.741606
v -6.903260 -11.592041 2.668221
v -7.282116 -14.793059 2.595871
v -4.363316 -11.647936 4.247810
v -4.705528 -14.771580 4.305811
v -3.224367 -12.395202 -4.043182
v -0.232151 -12.488274 -1.976833
v -3.272590 -15.713842 -4.162790
v -0.183021 -15.806805 -1.900638
v -6.255928 -12.005083 -3.246594
v -6.302803 -15.390434 -3.644391
v -7.657880 -11.683100 -0.296334
v -7.880577 -15.047496 -0.689428
v -6.278141 -8.181705 2.586793
v -3.946449 -8.231016 3.927896
v -5.575565 -4.835709 2.381611
v -3.574341 -4.853833 3.543947
v -7.100242 -8.257823 -0.033142
v -6.346916 -4.927754 0.141060
v -6.010426 -8.462384 -2.969720
v -5.525890 -4.983563 -2.631874
v -3.237157 -8.692617 -3.860012
v -3.037313 -5.024911 -3.532214
v -0.460896 -8.708793 -1.943902
v -0.548479 -5.048067 -1.733217
v 0.332813 -8.499252 1.485268
v 0.068557 -4.953104 1.306127
v -1.320557 -8.314173 3.746438
v -1.301684 -4.872518 3.377583
v -0.086563 -1.910072 1.238915
v -0.155893 0.871560 1.157474
v -1.242221 -1.893171 3.159042
v -1.088294 0.839187 3.058428
v -4.964835 -1.828879 2.304035
v -3.197190 -1.899511 3.339617
v -4.476169 1.014061 2.414674
v -2.809474 0.853380 3.318668
v -2.810509 -1.821727 -3.169630
v -2.656992 1.291213 -2.954169
v -0.591001 -1.902206 -1.549091
v -0.613829 1.051779 -1.539709
v -5.667417 -1.833959 0.296695
v -5.200657 1.152953 0.555041
v -5.060679 -1.813124 -2.262992
v -4.739270 1.291203 -1.903047
v -2.969646 11.758403 -1.607732
v -2.157308 14.334297 -2.050124
v -2.149109 10.980664 -3.556367
v -1.200687 13.375102 -4.058023
v -3.143722 11.876154 0.339899
v -2.836224 11.570745 2.661916
v -2.426743 14.668946 0.308860
v -2.065632 14.407250 2.961694
v 1.310356 10.822406 -3.213595
v -0.335888 10.463675 -4.314773
v 1.799148 12.696564 -3.518187
v 0.501036 12.580076 -4.732971
v 1.762562 13.760430 0.847881
v 1.438506 11.997154 0.528213
v 1.851515 13.381060 -1.382575
v 1.595747 11.419619 -1.490815
v -0.444934 13.533995 4.476168
v 0.853476 7.396429 2.066407
v 0.278850 6.758991 3.609607
v 0.066313 5.237021 1.106346
v -0.552181 4.966514 2.907638
v 5.948082 12.134965 3.773113
v 4.408231 11.881188 3.870472
v 5.950905 11.972981 4.670142
v 4.165297 11.578265 4.864628
v 3.106473 11.745636 2.398131
v 6.388674 10.835973 2.530312
v 4.585176 10.380090 2.482524
v 6.138104 11.676901 2.915546
v 4.531304 11.403430 2.859578
v 4.187438 9.433706 5.089761
v 6.629701 10.036722 4.979448
v 4.033871 10.557805 5.348067
v 6.254027 11.084318 5.228820
v 6.732895 9.580563 4.045864
v 4.327560 8.970639 4.203461
v 6.591482 9.954691 3.011822
v 4.456340 9.347326 3.103192
v 8.184474 13.736331 3.603246
v 7.169365 12.667350 3.651960
v 8.368076 13.690770 4.476107
v 7.336273 12.599923 4.615294
v 9.236024 13.228215 2.510507
v 8.260419 12.037440 2.340564
v 8.551907 13.535917 2.786776
v 7.543194 12.420243 2.755917
v 8.700984 11.575840 4.844144
v 9.445287 12.940306 4.565616
v 8.007109 12.145101 5.184463
v 8.907985 13.378491 4.923458
v 9.790863 12.678826 3.660910
v 9.059434 11.261322 3.772444
v 9.753771 12.848573 2.869769
v 8.917552 11.531283 2.733823
v 7.918048 19.357093 0.372485
v 6.435136 20.763048 0.199279
v 7.575639 19.064583 1.567539
v 6.137227 20.253976 1.439962
v 4.490217 21.274389 0.187965
v 2.656552 21.269542 0.154779
v 4.457732 20.635794 1.435518
v 2.965192 20.422613 1.519458
v 1.318704 20.364948 0.189036
v -0.036854 19.120326 0.249230
v 1.976914 19.578911 1.466568
v 1.009003 18.399647 1.590339
v 2.732943 19.200890 -2.767888
v 1.681610 17.720942 -2.848244
v 2.112623 20.365255 -2.114655
v 0.573078 18.707770 -2.087276
v 3.214785 18.750964 -1.404423
v 2.596744 19.911025 -0.838427
v 2.462766 17.632058 -1.514224
v 1.512224 18.776244 -0.767964
v 2.859771 18.029253 2.700204
v 2.148895 18.715645 3.894942
v 2.177995 17.037121 2.951548
v 1.168547 17.462078 4.161719
v 2.290525 19.254836 1.410637
v 1.206846 18.202474 1.594355
v 1.538474 19.871361 2.304270
v 0.179540 18.512432 2.551881
v 2.084930 18.103988 -4.469826
v 0.964795 16.636718 -4.279466
v 2.554224 18.100329 -3.025736
v 1.657572 17.119956 -2.919167
v 4.545590 18.750486 2.602716
v 4.517376 19.605061 3.751032
v 3.675664 18.638966 2.596641
v 3.249899 19.434677 3.792128
v 4.634794 19.751153 1.447879
v 3.332932 19.887915 1.410551
v 4.679305 20.431824 2.484124
v 3.007731 20.509034 2.300121
v 5.040195 19.517073 -4.701328
v 3.419249 19.100973 -4.640853
v 5.215652 19.452548 -3.365966
v 3.758046 19.034042 -3.185266
v 5.372889 20.036015 -2.677200
v 3.962283 19.847818 -2.743582
v 5.508629 21.058012 -2.107128
v 3.653069 21.004284 -2.144124
v 5.220381 19.680467 -1.379283
v 5.320043 20.670061 -0.886327
v 4.133523 19.273470 -1.376599
v 3.809531 20.454550 -0.909456
v 6.767533 17.631630 3.033272
v 6.976835 18.431734 4.005507
v 5.552749 18.409210 2.702773
v 5.755278 19.232559 3.820783
v 7.192741 18.370315 1.971809
v 5.933285 19.262538 1.638254
v 7.385483 19.145091 2.924471
v 6.097842 20.022583 2.697707
v 7.870857 18.577799 -4.643019
v 6.462304 19.279094 -4.735542
v 7.874528 18.491955 -3.473671
v 6.598489 19.142108 -3.472051
v 7.155320 17.691979 -2.233120
v 6.330547 19.082425 -2.494340
v 7.901068 18.661641 -1.782378
v 6.931627 20.021590 -2.019980
v 6.868057 17.575997 -0.920726
v 7.291916 18.445994 -0.686670
v 5.998239 18.880603 -1.217923
v 6.500833 19.852657 -0.854191
v -3.201491 8.448663 -2.423423
v -1.253125 8.116441 -3.403147
v -4.094664 6.039534 -1.824896
v -2.124284 5.866781 -2.973802
v -4.455847 5.942027 1.054225
v -3.676571 5.759767 3.012580
v -3.829870 8.611246 1.833537
v -2.689887 8.340424 3.933773
v 10.043303 13.511000 3.507839
v 0.653904 8.633372 -0.650279
v 0.858143 9.177010 -2.410877
v 0.944552 9.992024 1.128291
v 8.168294 18.148800 0.827697
v 7.747619 18.000302 3.126315
v 8.345758 17.787750 -4.075525
v 7.937000 17.460862 -1.175265
v -0.373915 5.608695 -1.388468
v 2.110743 17.855235 0.642802
v 1.300112 18.802303 -0.563464
v 2.758293 16.011114 -3.296780
v 2.057463 15.561889 -4.808832
v 3.503073 19.532096 0.638583
v 3.302634 20.465086 -0.688984
v 4.330699 17.929546 -3.431924
v 3.981839 17.998068 -4.873283
v 5.836813 19.372954 0.700364
v 6.257944 19.857821 -0.600747
v 6.426099 18.031919 -3.611837
v 6.306189 18.156026 -4.867358
v -2.089928 5.280407 3.564038
v -1.129139 16.791308 -2.196440
v -0.227276 15.236941 -4.117961
v 1.221961 14.143160 -4.820555
v 2.350382 14.514433 -3.502764
v 2.249833 15.586749 -1.405837
v 1.956098 15.801424 0.776600
v 1.940688 15.364298 3.235813
v 0.303934 15.708749 4.505607
v -1.304625 16.860394 2.886030
v -1.685896 17.387187 0.248677
v 9.542965 13.875285 3.131472
v 7.504319 18.544570 -0.354021
v 7.004722 18.272029 0.924422
v 4.782189 20.524596 -0.657826
v 4.533605 19.684692 0.648589
v 2.244833 19.903276 -0.596505
v 2.759842 18.853648 0.660808
v 7.558719 17.580197 -4.746822
v 7.589785 17.492669 -3.583923
v 5.202926 18.426895 -4.900248
v 5.403032 18.355174 -3.585140
v 2.948948 16.962086 -4.819483
v 3.414633 17.065828 -3.324391
v 9.153026 14.123494 3.988871
v 9.677989 13.794765 4.375481
v -1.054594 7.361112 4.321183
v -0.126694 3.228241 1.025982
v -0.896748 3.151979 2.964948
v -4.429412 3.916579 -1.719479
v -0.641253 3.516671 -1.523392
v -3.812823 9.574563 -0.318839
v -4.795417 3.718003 0.806294
v -2.558647 3.877972 -2.888606
v -2.521652 3.251769 3.392389
v -4.113338 3.508878 2.641417
v 2.114648 12.276252 1.863593
v 3.202407 12.309973 3.935439
v 2.786738 10.424690 1.728707
v 2.356057 8.971181 2.602573
v 2.023299 8.313278 4.096143
v 1.423882 8.858076 5.252736
v 2.508671 13.523218 2.924251
v 2.458167 12.101511 5.154672
v -1.277278 11.076805 4.664397
v 1.506197 10.569141 5.561721
v -7.969920 -20.645273 1.172345
v -7.904980 -19.523821 -0.725353
v -7.338657 -21.120840 -2.045329
v -8.007013 -17.882722 0.948501
v -7.892890 -16.650681 -0.830404
v -7.252939 -18.370730 -2.481656
v -6.322858 -19.909659 -3.438591
v -5.078726 -21.298613 -3.631731
v -6.296934 -17.013404 -3.764704
v -5.022919 -18.611125 -4.294832
v -3.562499 -19.985339 -3.851489
v -1.992267 -21.172440 -2.750352
v -3.403957 -17.232267 -4.174205
v -1.945336 -18.634904 -3.189696
v -0.584692 -19.779369 -1.631354
v 0.151016 -20.735178 0.427903
v -0.316810 -17.247983 -1.869296
v 0.325415 -18.366300 0.039828
v 0.141244 -19.287344 1.985344
v -0.718926 -20.233778 3.606255
v 0.402663 -16.865334 1.812229
v -0.600125 -17.885040 3.200375
v -1.952716 -18.876394 4.058928
v -3.433588 -20.054636 4.731812
v -1.772142 -16.402674 3.987755
v -3.367588 -17.570660 4.205784
v -4.944138 -18.834538 4.291184
v -6.342080 -20.284711 3.866028
v -4.811005 -16.210411 4.253913
v -6.328615 -17.591934 3.745854
v -7.463847 -19.066183 2.631988
v -7.374303 -16.294106 2.578304
v -0.319541 -15.165833 3.303726
v -1.502529 -13.410167 4.183110
v -3.148362 -14.836900 4.388083
v 0.591959 -15.662006 -0.064352
v 0.592289 -13.832800 1.822778
v -0.143005 -11.924355 3.311240
v -1.346108 -10.089788 3.962565
v -2.865352 -11.703225 4.400303
v 0.548644 -12.362904 -0.158246
v 0.459425 -10.365780 1.613796
v -7.586487 -11.604331 1.290392
v -7.118679 -13.212639 2.624631
v -5.754588 -11.613634 3.667969
v -6.600219 -9.921849 2.660324
v -7.940597 -14.885641 1.047154
v -6.153184 -14.758604 3.740160
v -4.559182 -13.243019 4.309281
v -4.148380 -9.979460 4.118110
v -3.274259 -10.597567 -3.965668
v -1.578933 -12.499640 -3.373809
v -3.191140 -14.094044 -4.104476
v -4.874793 -12.211380 -4.027023
v -0.375653 -10.639747 -1.995327
v -0.139601 -14.218878 -1.928814
v -1.603947 -15.822195 -3.325777
v -4.919829 -15.549685 -4.265308
v -6.295087 -13.705065 -3.429000
v -7.185691 -11.822850 -1.873718
v -6.161848 -10.265642 -3.097030
v -7.274438 -15.231701 -2.328459
v -7.818485 -13.369768 -0.491238
v -7.413351 -9.983860 -0.139392
v -5.221668 -8.205154 3.430584
v -5.942053 -6.455001 2.487727
v -6.949668 -8.189952 1.418014
v -2.604063 -8.266772 4.063121
v -3.757783 -6.490770 3.724467
v -4.667897 -4.844333 3.085382
v -5.251792 -3.301571 2.322096
v -6.160986 -4.861802 1.403247
v -2.409239 -4.862142 3.685392
v -3.390424 -3.327066 3.418672
v -6.737704 -6.557584 0.054720
v -6.766775 -8.361199 -1.564663
v -5.962047 -3.364905 0.216285
v -6.113199 -4.991214 -1.282873
v -5.796851 -6.674831 -2.823344
v -4.761853 -8.585245 -3.794273
v -5.255560 -3.379037 -2.434286
v -4.461796 -4.985340 -3.449484
v -3.142614 -6.794090 -3.713904
v -1.714919 -8.737447 -3.254407
v -2.925180 -3.378792 -3.345949
v -1.636373 -5.053628 -2.950545
v -0.508845 -6.806755 -1.845856
v 0.282317 -8.619395 -0.243722
v -0.584614 -3.418442 -1.628455
v 0.054274 -5.008102 -0.196971
v 0.197122 -6.656103 1.378756
v -0.245337 -8.385161 2.921533
v -0.034817 -3.379244 1.260306
v -0.423616 -4.902163 2.559550
v -1.313757 -6.542676 3.532821
v -1.289867 -3.329555 3.243517
v -0.085842 -1.923601 -0.140669
v -0.112334 -0.496968 1.217813
v -0.508205 -1.890829 2.392035
v -0.187761 0.929698 -0.188863
v -0.158230 2.125514 1.091174
v -0.478163 0.852952 2.296811
v -1.166486 -0.510127 3.116130
v -2.184411 -1.903758 3.452491
v -0.998724 2.081704 3.017354
v -1.900248 0.833392 3.384640
v -4.171743 -1.869043 2.949881
v -4.706780 -0.390453 2.335299
v -5.483804 -1.810756 1.423370
v -2.998768 -0.512928 3.314121
v -3.716313 0.915620 2.990818
v -4.281380 2.327053 2.523330
v -4.986901 1.102312 1.596184
v -2.652314 2.127901 3.343155
v -4.123178 -1.793158 -3.072552
v -2.715416 -0.280958 -3.031920
v -1.545576 -1.851240 -2.655824
v -3.891012 1.341119 -2.741418
v -2.609547 2.726880 -2.916881
v -1.456327 1.180806 -2.558680
v -0.596327 -0.424136 -1.520530
v -0.642756 2.384629 -1.542510
v -5.421589 -0.324415 0.405093
v -5.535397 -1.856598 -0.991368
v -4.991274 2.518687 0.700450
v -5.133654 1.205859 -0.657928
v -4.885605 -0.274533 -2.089653
v -4.561614 2.704649 -1.744472
v -3.109118 12.023291 -0.618239
v -2.538952 13.006190 -1.854901
v -2.671402 11.359305 -2.542860
v -3.432703 10.618010 -1.119223
v -2.396545 14.621866 -0.888914
v -1.709737 15.623264 -2.153945
v -1.795647 13.929803 -3.025482
v -1.682518 12.233526 -3.892403
v -1.402118 10.690952 -4.246960
v -2.712213 9.711203 -3.071590
v -0.731084 14.385522 -4.135927
v -0.481502 12.913666 -4.769918
v -3.541753 10.652505 0.211015
v -3.063231 11.678012 1.479865
v -2.751058 13.239731 0.349077
v -3.375220 10.064896 2.351590
v -2.291507 11.394909 3.688578
v -2.414559 13.052189 2.861001
v -2.358261 14.605523 1.644795
v -2.076994 16.055061 0.271595
v -1.472689 14.042994 3.951409
v -1.747081 15.685236 2.983041
v 1.060372 9.882684 -2.943191
v 0.657721 10.496628 -3.872127
v 1.564260 11.773986 -3.391710
v 1.619955 11.229599 -2.385852
v -0.800517 9.278014 -3.855005
v 0.106578 11.582821 -4.642690
v 1.334592 12.496818 -4.292776
v 2.041821 13.594050 -3.567532
v 1.962025 13.032959 -2.521262
v 0.868222 13.431961 -4.811939
v 2.332972 13.850659 2.061825
v 1.744990 13.080226 0.843483
v 1.749624 13.622513 -0.329246
v 1.795021 14.620875 0.843605
v 1.681141 12.291536 1.412290
v 1.047001 10.495915 -0.000043
v 1.420787 11.670695 -0.482664
v 1.721309 12.431526 -1.419287
v 2.039579 14.400470 -1.366321
v 1.348420 10.288174 -1.744396
v -0.866217 12.366829 4.507805
v 1.023420 12.862786 4.865478
v -0.011735 14.624464 4.444446
v 1.505892 8.339350 2.462712
v 0.685272 6.919679 2.910323
v 0.384842 6.284902 1.454283
v 0.819810 8.368919 1.321432
v 0.964603 7.636297 3.994182
v -0.321032 6.913773 4.087890
v -0.201852 5.839308 3.126849
v -0.093950 5.034258 2.127615
v -0.062631 4.237135 1.004273
v -0.034516 5.481128 -0.108283
v -1.260267 5.053123 3.393079
v -0.763290 4.088665 2.902975
v 6.024807 11.979211 3.321192
v 5.236938 11.975607 3.785974
v 5.917110 12.138982 4.234047
v 6.640004 12.393006 3.749198
v 4.482090 11.725500 3.342176
v 3.645137 11.967733 3.951990
v 4.301099 11.840888 4.392588
v 5.132264 11.740618 4.702500
v 6.060911 11.625674 5.021514
v 6.745077 12.271686 4.669967
v 3.303125 11.641077 5.065296
v 4.063863 11.127822 5.207332
v 2.691613 12.002935 2.104554
v 3.261497 12.096522 3.132045
v 3.679426 11.513138 2.693208
v 2.932082 11.202268 1.911160
v 6.492969 10.389009 2.649542
v 5.498109 10.564494 2.589506
v 6.268736 11.273740 2.628087
v 7.455343 11.350828 2.400223
v 4.552445 9.810901 2.690312
v 3.646608 10.385738 2.191337
v 4.562372 10.943676 2.522315
v 5.392563 11.479642 2.915359
v 6.916709 12.029365 2.854383
v 4.272515 9.091825 4.717942
v 5.502640 9.695142 4.967387
v 4.070555 9.966269 5.293589
v 2.935268 9.170535 5.200956
v 6.724439 9.721400 4.554656
v 7.857928 10.691099 4.972516
v 6.467582 10.499919 5.233648
v 5.262531 10.753931 5.217794
v 2.846163 10.492797 5.520836
v 7.279498 11.578843 5.253557
v 5.577270 9.269353 4.131482
v 6.680277 9.647100 3.512368
v 8.079024 10.246655 3.915873
v 3.214151 8.629698 4.161343
v 4.374384 9.056647 3.635315
v 5.523109 9.643471 3.139100
v 7.935819 10.594554 2.822475
v 3.496291 9.166949 2.870588
v 8.319176 13.676507 3.165180
v 7.616203 13.240779 3.571118
v 8.186277 13.734951 4.054244
v 8.738500 14.047218 3.745921
v 7.308823 12.578121 3.164855
v 7.165037 12.678530 4.153591
v 7.833312 13.171744 4.537713
v 8.637803 13.579943 4.790888
v 8.838667 14.037466 4.331282
v 7.635907 12.426671 4.979542
v 9.560634 13.067904 2.640536
v 8.749770 12.711745 2.375772
v 8.873207 13.369422 2.537342
v 9.539651 13.608498 2.770719
v 8.645510 11.823226 2.418219
v 7.863082 12.225744 2.465293
v 8.002456 13.036068 2.707682
v 9.099470 13.833835 2.944860
v 8.943459 11.381430 4.340970
v 9.056868 12.334001 4.690159
v 8.373595 11.833922 5.163604
v 9.658931 12.781787 4.143043
v 9.706412 13.437615 4.470107
v 9.174004 13.145114 4.855487
v 8.446602 12.797200 5.066132
v 9.336322 13.757767 4.712115
v 9.440907 12.072504 3.682096
v 9.827214 12.682074 3.207278
v 10.058292 13.163561 3.621445
v 9.050951 11.287996 3.211756
v 9.361985 12.277139 2.759676
v 10.033680 13.270005 3.100022
v 7.891760 19.020332 -0.335095
v 7.271775 20.086199 0.256098
v 7.880681 19.488995 1.152473
v 8.212764 18.739475 0.565484
v 6.508171 20.452860 -0.556504
v 5.553403 21.141886 0.179331
v 6.284880 20.763191 0.990285
v 6.907023 19.735247 1.460046
v 7.222414 18.540951 1.537485
v 8.044433 18.494707 1.461729
v 5.338481 20.556947 1.422183
v 5.957629 19.640180 1.360926
v 4.711990 21.124936 -0.610615
v 3.472499 21.381433 0.175657
v 4.364456 21.271440 1.075823
v 2.905005 21.031417 -0.607454
v 1.959300 20.902301 0.161506
v 2.590205 21.131466 1.132158
v 3.608562 20.629498 1.506620
v 4.522215 19.977972 1.334481
v 2.450545 20.080426 1.470552
v 3.379650 19.693618 1.337791
v 1.677818 20.333228 -0.553750
v 0.669590 19.783792 0.217704
v 1.407338 20.125266 1.123104
v 0.471094 19.053614 -0.557784
v -0.897598 18.378210 0.259893
v 0.216621 18.870488 1.295351
v 1.471588 19.007140 1.491734
v 2.513140 18.993566 1.291533
v 0.871811 18.012270 1.638529
v 1.786618 17.928103 1.299605
v 3.149155 18.719129 -2.311519
v 2.227524 18.506313 -2.765929
v 2.293221 19.874324 -2.782060
v 3.379683 19.585915 -2.799525
v 2.279931 17.522316 -2.348595
v 1.415003 17.116857 -2.927214
v 0.874935 18.145797 -2.879349
v 1.387021 19.603221 -2.057311
v 2.242663 20.382400 -1.335819
v 2.859491 20.732538 -2.154086
v -0.300853 17.808866 -2.170684
v 0.840646 19.016159 -1.226559
v 3.712275 19.025357 -1.386691
v 2.982318 19.250372 -0.765521
v 2.810021 18.269082 -1.450482
v 3.188326 20.227341 -0.874039
v 2.054409 19.378045 -0.823529
v 2.172012 18.141425 -0.814521
v 2.199205 16.855396 -1.515354
v 1.176008 18.475909 -0.654997
v 3.275410 18.392016 2.614877
v 2.598065 18.077883 3.700107
v 2.475827 17.597403 2.800391
v 2.787588 18.485363 1.667925
v 2.647820 19.138812 3.820398
v 1.672713 19.453018 3.392840
v 1.671142 18.145818 4.042272
v 1.856134 16.995092 3.921408
v 1.985632 16.353461 3.084279
v 1.941538 17.514519 1.924621
v 0.494647 18.122484 3.578941
v 0.677899 16.668007 4.438542
v 1.745815 18.748526 1.494799
v 1.793293 19.822106 1.566323
v 2.822554 19.637449 1.378207
v 0.487350 18.544883 1.808750
v 0.912318 19.177039 2.397198
v 2.244623 20.308963 2.258599
v -0.685362 17.814671 2.840416
v 2.393993 17.539195 -5.049021
v 1.551312 17.327164 -4.279335
v 2.080745 18.411836 -3.609504
v 2.724197 18.733763 -4.603588
v 1.403492 16.013119 -4.885932
v 0.365967 15.981900 -4.151076
v 1.036717 17.123346 -3.449975
v 2.072825 17.530860 -2.959520
v 3.063161 17.607004 -2.907932
v 3.147900 18.653191 -3.125323
v 2.372154 16.698803 -2.812823
v 5.056912 18.681729 2.615889
v 4.460727 18.972014 3.482304
v 4.060776 18.724832 2.607756
v 4.626859 19.066918 1.741268
v 5.156037 19.497407 3.744790
v 4.643611 20.237983 3.409523
v 3.872309 19.589975 3.781089
v 3.511220 18.766671 3.564762
v 3.661747 19.046565 1.626138
v 3.030291 20.179444 3.337771
v 3.950451 19.874480 1.427872
v 4.694320 20.310535 1.626790
v 5.308928 19.531690 1.524270
v 3.123828 20.383438 1.541090
v 3.912135 20.493223 2.385089
v 5.419742 20.318646 2.585236
v 5.096405 19.008597 -5.141809
v 4.238383 19.370862 -4.658534
v 5.061018 19.753443 -3.965511
v 5.717462 19.494679 -4.730508
v 3.630325 18.595198 -5.133561
v 3.440917 19.339237 -3.833948
v 4.463389 19.289538 -3.279255
v 5.378446 18.906560 -3.155975
v 5.900639 19.412622 -3.438796
v 4.136543 18.486341 -2.962853
v 5.266309 19.615340 -2.169163
v 4.679591 20.010069 -2.715355
v 5.456716 20.640625 -2.681802
v 5.970880 19.704112 -2.625554
v 4.148184 19.309727 -2.258528
v 3.765084 20.533905 -2.746093
v 4.530955 21.096625 -2.111824
v 5.489428 21.111320 -1.366813
v 6.271381 20.729224 -2.084051
v 3.675677 20.998249 -1.368545
v 5.692209 19.466359 -1.336991
v 5.214679 20.107565 -0.803224
v 4.668450 19.518228 -1.389876
v 6.008281 20.406626 -0.883569
v 4.527241 20.625506 -0.888507
v 3.991469 19.817455 -0.777240
v 7.357221 17.551317 3.155773
v 6.748671 17.847468 3.770398
v 6.105233 18.000697 2.854979
v 6.948480 17.806578 2.275746
v 7.502730 18.138227 3.811780
v 7.250843 18.997444 3.726952
v 6.331756 18.826947 3.931709
v 5.532078 18.621934 3.531387
v 5.735732 18.635427 1.912882
v 6.001363 19.843884 3.547719
v 6.542237 18.825603 1.781988
v 7.380282 18.930781 2.159154
v 7.664171 18.066418 2.377091
v 6.075167 19.843778 1.862083
v 6.742189 19.579153 2.819380
v 7.806623 18.643724 3.023823
v 7.704867 18.119745 -4.990573
v 7.192141 18.893954 -4.706655
v 7.955205 18.777541 -4.023126
v 8.320832 18.241718 -4.458505
v 6.366209 18.782807 -5.121481
v 6.565326 19.485267 -4.058477
v 7.265386 18.791944 -3.473155
v 7.732387 17.985180 -3.244136
v 8.254585 18.171983 -3.622905
v 6.577951 18.588223 -3.234410
v 6.845236 17.372544 -1.701123
v 6.703005 18.373421 -2.411166
v 7.586959 18.227190 -2.325773
v 7.633594 17.304175 -1.871590
v 6.015568 18.709613 -2.019958
v 6.700240 19.655551 -2.629752
v 7.416917 19.298278 -1.904485
v 7.857569 18.807065 -1.090377
v 8.183439 18.027323 -1.540418
v 6.901707 20.173076 -1.322466
v 7.414228 17.224971 -0.903579
v 7.000950 18.006527 -0.462945
v 6.383785 18.229053 -1.083112
v 7.833259 17.907035 -0.659220
v 6.854996 19.108410 -0.796711
v 6.237540 19.337980 -0.682928
v -2.349759 8.209750 -3.242546
v -3.706114 7.185009 -1.950925
v -3.721979 8.826976 -1.266752
v -0.135085 8.356289 -3.024350
v -1.695525 6.941218 -3.089951
v -3.256566 6.011425 -2.762304
v -4.283048 4.988220 -1.756684
v -4.461077 5.983609 -0.347063
v -1.050275 5.733639 -2.456169
v -2.417726 4.886746 -2.923829
v -4.620013 4.818940 0.903133
v -4.190989 5.881452 2.194905
v -4.221739 7.201929 1.326855
v -3.931970 4.620579 2.790425
v -2.926167 5.547325 3.435637
v -3.276898 6.994451 3.355791
v -3.415918 8.503471 2.943447
v -3.957254 8.850407 0.639178
v -1.844374 7.924532 4.321692
v -1.911759 9.706261 4.631856
v 9.865802 13.740935 3.325510
v 9.917375 13.658281 3.956508
v 0.674095 9.118421 0.432107
v 0.031664 6.929290 -1.146821
v 0.658816 8.704553 -1.637122
v 1.630178 11.378918 1.337851
v 1.963176 10.312902 1.326707
v 7.647233 17.911403 1.001300
v 8.013561 18.101843 0.059598
v 8.065332 17.466102 -3.710685
v 8.091699 17.528703 -4.544706
v -0.573553 4.544706 -1.480900
v 1.938536 17.058048 0.671679
v 1.897988 18.264548 -0.130449
v 2.407352 18.400959 0.631608
v 1.748382 19.408276 -0.569824
v 2.612849 15.371588 -3.408767
v 2.648406 15.431466 -4.250439
v 3.066025 16.536318 -3.268151
v 1.610633 14.820991 -4.759728
v 2.539130 16.280712 -4.796714
v 3.111372 19.205220 0.643153
v 3.520891 19.753339 -0.277311
v 3.924963 19.680743 0.637532
v 2.750164 20.246656 -0.654811
v 3.971421 20.597619 -0.702487
v 3.793857 17.561458 -3.391417
v 4.280120 17.669802 -4.197963
v 4.885879 18.188210 -3.515122
v 3.377813 17.548065 -4.858302
v 4.630768 18.259310 -4.884317
v 5.198824 19.655081 0.655801
v 5.918937 19.379486 -0.135381
v 6.390605 18.900878 0.785951
v 5.557944 20.275723 -0.652010
v 6.883400 19.229510 -0.512443
v 5.913179 18.320138 -3.624541
v 6.294311 17.802034 -4.263192
v 6.992842 17.727717 -3.585168
v 5.766270 18.417563 -4.902277
v 6.904811 17.824814 -4.810339
v -2.361285 4.274796 3.452013
v -1.672498 6.305532 3.827000
v -1.326095 17.212946 -0.940911
v -0.710342 16.062457 -3.137506
v 0.400565 14.576778 -4.787508
v 1.928730 14.098106 -4.345668
v 2.385549 15.155594 -2.412011
v 2.074006 15.919004 -0.306271
v 1.823611 15.654466 1.894267
v 2.266659 14.328307 3.265613
v 1.669747 15.005545 4.331750
v -0.685483 16.341215 3.972765
v -1.467783 17.120661 1.662943
v 9.368714 14.041021 3.551614
v 7.114598 18.211140 0.119844
v 4.636421 19.851145 -0.223471
v 2.649768 19.241773 -0.195312
v 7.502212 17.281406 -4.184728
v 5.322478 18.107906 -4.282121
v 3.410372 16.709003 -4.128799
v 9.459259 14.020827 4.231190
v -0.024838 8.272535 4.909600
v -0.216897 3.347433 -0.260480
v -0.357304 3.165771 2.155316
v -1.656925 3.181719 3.373105
v -4.750960 3.805157 -0.439730
v -3.693565 3.969772 -2.622674
v -1.423130 3.698790 -2.493795
v -4.586579 3.632245 1.847075
v -3.385380 3.367217 3.142179
v 2.487560 12.911476 2.420382
v 2.659062 13.004352 3.609644
v 2.935132 12.471733 4.654935
v 2.600389 9.588146 1.983314
v 2.195033 8.511114 3.345508
v 1.772921 8.428937 4.743087
v 1.222266 9.632625 5.483257
v 2.064868 11.404782 5.432929
v 0.123353 10.714450 5.325186
v -4.013194 -20.664288 0.634911
vt 0.244514 0.791853
vt 0.242522 0.769652
vt 0.271569 0.766858
vt 0.272494 0.789265
vt 0.217545 0.792193
vt 0.214548 0.770245
vt 0.239104 0.747488
vt 0.269034 0.744475
vt 0.297167 0.762408
vt 0.297217 0.785067
vt 0.196291 0.789689
vt 0.193404 0.767948
vt 0.210712 0.748399
vt 0.234025 0.724496
vt 0.263772 0.721032
vt 0.295066 0.739595
vt 0.313899 0.756794
vt 0.313144 0.779418
vt 0.189315 0.746596
vt 0.206084 0.725865
vt 0.256168 0.696155
vt 0.227476 0.700191
vt 0.290210 0.715839
vt 0.313106 0.733794
vt 0.184694 0.724610
vt 0.200661 0.701820
vt 0.282269 0.690718
vt 0.247293 0.670112
vt 0.219906 0.674315
vt 0.309595 0.709833
vt 0.179700 0.701051
vt 0.194656 0.676279
vt 0.302301 0.684665
vt 0.272826 0.664682
vt 0.238253 0.643519
vt 0.212006 0.647790
vt 0.174707 0.675812
vt 0.188178 0.649951
vt 0.293235 0.658790
vt 0.263477 0.638144
vt 0.229626 0.616248
vt 0.204411 0.620320
vt 0.169709 0.649445
vt 0.182205 0.622296
vt 0.284604 0.632442
vt 0.254592 0.610935
vt 0.197433 0.591717
vt 0.221602 0.588091
vt 0.164881 0.621869
vt 0.177036 0.593213
vt 0.276280 0.605141
vt 0.246252 0.582882
vt 0.190922 0.563184
vt 0.213865 0.560069
vt 0.161286 0.592520
vt 0.172300 0.564190
vt 0.268010 0.576533
vt 0.237930 0.554920
vt 0.185164 0.535857
vt 0.206326 0.533035
vt 0.158179 0.563283
vt 0.167974 0.536714
vt 0.259368 0.547990
vt 0.229311 0.528003
vt 0.179316 0.509890
vt 0.199200 0.507043
vt 0.154743 0.535860
vt 0.163255 0.510934
vt 0.250191 0.520878
vt 0.270466 0.541406
vt 0.279353 0.570664
vt 0.220890 0.502222
vt 0.173482 0.484985
vt 0.192306 0.481979
vt 0.150723 0.510331
vt 0.158149 0.486451
vt 0.241205 0.495153
vt 0.261422 0.513927
vt 0.213195 0.477242
vt 0.167150 0.460843
vt 0.185122 0.457526
vt 0.146176 0.486344
vt 0.152417 0.462799
vt 0.233027 0.470382
vt 0.252639 0.488129
vt 0.205371 0.452684
vt 0.160174 0.437588
vt 0.177432 0.433834
vt 0.141035 0.463200
vt 0.146093 0.439987
vt 0.224855 0.445894
vt 0.244334 0.463571
vt 0.197026 0.428433
vt 0.153296 0.416104
vt 0.170204 0.411923
vt 0.135492 0.440701
vt 0.139703 0.418886
vt 0.216498 0.421236
vt 0.236191 0.439212
vt 0.189679 0.406060
vt 0.147099 0.396905
vt 0.164158 0.392521
vt 0.129906 0.419874
vt 0.133670 0.399984
vt 0.208978 0.398694
vt 0.228501 0.414376
vt 0.184210 0.386497
vt 0.140859 0.379080
vt 0.158608 0.374719
vt 0.124503 0.401282
vt 0.127383 0.382249
vt 0.204403 0.379051
vt 0.221712 0.391817
vt 0.179779 0.368793
vt 0.133617 0.361093
vt 0.152303 0.356900
vt 0.118936 0.383894
vt 0.119947 0.364139
vt 0.201324 0.361388
vt 0.217864 0.372422
vt 0.175106 0.351188
vt 0.124797 0.341533
vt 0.143916 0.337235
vt 0.112117 0.366145
vt 0.111020 0.344587
vt 0.198797 0.343802
vt 0.215401 0.355075
vt 0.169525 0.328232
vt 0.114005 0.319685
vt 0.131499 0.315469
vt 0.103002 0.347478
vt 0.100125 0.323305
vt 0.196485 0.323709
vt 0.212834 0.337868
vt 0.149659 0.307666
vt 0.101487 0.295900
vt 0.118103 0.292519
vt 0.090818 0.327484
vt 0.088051 0.300512
vt 0.180486 0.300344
vt 0.199140 0.299988
vt 0.210579 0.318950
vt 0.135157 0.286995
vt 0.163164 0.292345
vt 0.090580 0.271943
vt 0.106216 0.267501
vt 0.075079 0.303021
vt 0.078914 0.276401
vt 0.186910 0.275335
vt 0.204226 0.275227
vt 0.211132 0.297001
vt 0.124705 0.262287
vt 0.149889 0.275940
vt 0.171252 0.270902
vt 0.080666 0.248811
vt 0.096180 0.243069
vt 0.069732 0.277794
vt 0.071866 0.253825
vt 0.189505 0.250784
vt 0.206208 0.250892
vt 0.215792 0.273215
vt 0.116597 0.237565
vt 0.142007 0.255028
vt 0.159732 0.265409
vt 0.173419 0.249128
vt 0.072768 0.227716
vt 0.088652 0.220757
vt 0.056691 0.288363
vt 0.057763 0.273383
vt 0.065520 0.233421
vt 0.190115 0.227408
vt 0.207160 0.228081
vt 0.217506 0.250078
vt 0.109785 0.213855
vt 0.136272 0.231990
vt 0.157765 0.249300
vt 0.172747 0.226780
vt 0.066451 0.208404
vt 0.082184 0.200249
vt 0.072622 0.315433
vt 0.054914 0.299151
vt 0.043425 0.274101
vt 0.047150 0.264421
vt 0.067092 0.257106
vt 0.059756 0.257744
vt 0.189351 0.205252
vt 0.205863 0.207378
vt 0.218404 0.228395
vt 0.103986 0.192140
vt 0.131321 0.208063
vt 0.154919 0.227892
vt 0.171346 0.203749
vt 0.060372 0.190351
vt 0.076072 0.181286
vt 0.039780 0.282088
vt 0.034709 0.259121
vt 0.039864 0.252141
vt 0.051928 0.253957
vt 0.187580 0.185129
vt 0.204408 0.188954
vt 0.217660 0.209061
vt 0.098409 0.171791
vt 0.126704 0.184987
vt 0.151837 0.204802
vt 0.168939 0.182035
vt 0.054650 0.173717
vt 0.069737 0.163905
vt 0.031200 0.264942
vt 0.027865 0.244500
vt 0.033950 0.238484
vt 0.046430 0.244784
vt 0.057269 0.244478
vt 0.060871 0.243851
vt 0.185242 0.166588
vt 0.202927 0.172995
vt 0.214643 0.192687
vt 0.090456 0.150145
vt 0.122101 0.163449
vt 0.148256 0.182523
vt 0.166165 0.161694
vt 0.064201 0.149120
vt 0.049481 0.158762
vt 0.020721 0.230925
vt 0.027619 0.225122
vt 0.041655 0.232299
vt 0.053394 0.238084
vt 0.181652 0.145938
vt 0.201897 0.158262
vt 0.213666 0.178545
vt 0.077566 0.141214
vt 0.116985 0.144260
vt 0.144058 0.161011
vt 0.162369 0.142029
vt 0.058659 0.135553
vt 0.043103 0.145643
vt 0.014387 0.217789
vt 0.021437 0.212069
vt 0.036226 0.219538
vt 0.049066 0.227082
vt 0.059964 0.233409
vt 0.063557 0.238249
vt 0.202608 0.144654
vt 0.188254 0.139625
vt 0.213096 0.165055
vt 0.072457 0.127928
vt 0.112833 0.128197
vt 0.095738 0.134013
vt 0.137842 0.136411
vt 0.172149 0.126808
vt 0.158650 0.123756
vt 0.054055 0.123466
vt 0.039200 0.134076
vt 0.010727 0.204552
vt 0.016423 0.199168
vt 0.030362 0.206879
vt 0.043993 0.215653
vt 0.055239 0.223997
vt 0.212984 0.150495
vt 0.203371 0.130848
vt 0.188952 0.128362
vt 0.067546 0.116298
vt 0.126036 0.123318
vt 0.109595 0.113545
vt 0.093891 0.119559
vt 0.143224 0.121251
vt 0.167719 0.108832
vt 0.155633 0.106773
vt 0.049852 0.113119
vt 0.035404 0.123341
vt 0.007641 0.191806
vt 0.011684 0.186893
vt 0.024351 0.194398
vt 0.038519 0.203889
vt 0.050467 0.213603
vt 0.060327 0.222706
vt 0.065510 0.231908
vt 0.214947 0.135536
vt 0.179840 0.138188
vt 0.180262 0.129885
vt 0.204347 0.117064
vt 0.189001 0.115372
vt 0.063188 0.106300
vt 0.122418 0.109490
vt 0.106677 0.100707
vt 0.091524 0.106741
vt 0.141596 0.106558
vt 0.164886 0.093953
vt 0.153153 0.092609
vt 0.045435 0.103191
vt 0.031169 0.112505
vt 0.003111 0.180182
vt 0.006271 0.175693
vt 0.018135 0.182562
vt 0.032830 0.191661
vt 0.045380 0.202831
vt 0.055139 0.213498
vt 0.214658 0.122070
vt 0.179407 0.119238
vt 0.203781 0.104889
vt 0.188970 0.103568
vt 0.059384 0.097140
vt 0.119106 0.097177
vt 0.104052 0.089481
vt 0.089078 0.095608
vt 0.133901 0.109287
vt 0.135037 0.121232
vt 0.139778 0.094182
vt 0.161435 0.081621
vt 0.150549 0.080583
vt 0.041020 0.093742
vt 0.027060 0.101949
vt 0.011649 0.171946
vt 0.026459 0.179987
vt 0.040442 0.190681
vt 0.050299 0.203353
vt 0.213406 0.109964
vt 0.178697 0.108278
vt 0.201586 0.094606
vt 0.187543 0.093845
vt 0.055926 0.088320
vt 0.116510 0.086404
vt 0.084610 0.111538
vt 0.081803 0.100988
vt 0.101168 0.079111
vt 0.085641 0.085576
vt 0.131373 0.097853
vt 0.137147 0.083018
vt 0.157701 0.070318
vt 0.147141 0.069606
vt 0.036757 0.084744
vt 0.023633 0.091905
vt 0.001992 0.168194
vt 0.006763 0.164650
vt 0.019051 0.169986
vt 0.034485 0.178889
vt 0.045816 0.191134
vt 0.210646 0.098980
vt 0.176876 0.098158
vt 0.199108 0.085637
vt 0.185843 0.085335
vt 0.051319 0.080299
vt 0.113676 0.076104
vt 0.078377 0.091240
vt 0.097708 0.068684
vt 0.082771 0.075194
vt 0.129031 0.087585
vt 0.133986 0.072483
vt 0.153550 0.059357
vt 0.143389 0.058838
vt 0.032800 0.075830
vt 0.020512 0.082210
vt 0.013444 0.163171
vt 0.026318 0.169295
vt 0.040018 0.179054
vt 0.175790 0.089354
vt 0.197213 0.077417
vt 0.184546 0.077247
vt 0.046958 0.071985
vt 0.109964 0.065783
vt 0.076022 0.080880
vt 0.093870 0.056796
vt 0.079503 0.062779
vt 0.126717 0.077629
vt 0.130749 0.061972
vt 0.149952 0.048148
vt 0.139937 0.047760
vt 0.029370 0.066639
vt 0.017284 0.072697
vt 0.020206 0.164675
vt 0.174867 0.081063
vt 0.195280 0.069475
vt 0.183133 0.069334
vt 0.043417 0.062948
vt 0.107188 0.053381
vt 0.073191 0.068903
vt 0.090135 0.044256
vt 0.077527 0.050131
vt 0.123444 0.067599
vt 0.127763 0.051012
vt 0.146270 0.037381
vt 0.136440 0.037069
vt 0.026317 0.057077
vt 0.014358 0.063027
vt 0.173704 0.073121
vt 0.192814 0.061363
vt 0.181117 0.061342
vt 0.040139 0.053410
vt 0.102873 0.040675
vt 0.070351 0.056545
vt 0.086360 0.032589
vt 0.074117 0.038458
vt 0.120313 0.057054
vt 0.124631 0.040333
vt 0.143197 0.027480
vt 0.132487 0.027284
vt 0.023394 0.047092
vt 0.011956 0.052908
vt 0.171820 0.065345
vt 0.189722 0.052934
vt 0.178470 0.053053
vt 0.036427 0.043539
vt 0.098711 0.029252
vt 0.067111 0.045110
vt 0.082082 0.021352
vt 0.069259 0.027209
vt 0.117162 0.046534
vt 0.120837 0.030482
vt 0.138547 0.018237
vt 0.127944 0.017794
vt 0.169475 0.057396
vt 0.185969 0.043996
vt 0.175312 0.044260
vt 0.031581 0.040185
vt 0.021828 0.040641
vt 0.094110 0.018186
vt 0.063203 0.033838
vt 0.077085 0.010603
vt 0.064423 0.015504
vt 0.112420 0.036874
vt 0.116352 0.020901
vt 0.133048 0.008474
vt 0.123143 0.007448
vt 0.166982 0.048982
vt 0.088415 0.006600
vt 0.058283 0.021980
vt 0.072238 0.004458
vt 0.063789 0.008990
vt 0.107912 0.027409
vt 0.110596 0.010461
vt 0.080535 0.003813
vt 0.102823 0.017358
vt 0.117481 0.001820
vt 0.109337 0.006218
vt 0.591221 0.010001
vt 0.591328 0.030197
vt 0.559412 0.030158
vt 0.559528 0.010363
vt 0.616909 0.006754
vt 0.616843 0.027546
vt 0.589795 0.050591
vt 0.557615 0.049906
vt 0.529401 0.027511
vt 0.529389 0.007799
vt 0.632650 0.001820
vt 0.633979 0.023445
vt 0.615550 0.048639
vt 0.586242 0.072083
vt 0.554254 0.070916
vt 0.527568 0.046791
vt 0.509141 0.023026
vt 0.507839 0.003193
vt 0.634156 0.045670
vt 0.612168 0.070825
vt 0.581698 0.095493
vt 0.549780 0.094074
vt 0.523611 0.067424
vt 0.506407 0.042289
vt 0.629792 0.068660
vt 0.607761 0.094902
vt 0.576802 0.120863
vt 0.544972 0.119309
vt 0.518401 0.090665
vt 0.501300 0.062894
vt 0.624325 0.093108
vt 0.602736 0.120680
vt 0.572043 0.148044
vt 0.540459 0.146430
vt 0.512965 0.116072
vt 0.495120 0.086008
vt 0.597498 0.147658
vt 0.566527 0.176792
vt 0.535716 0.175145
vt 0.508761 0.142941
vt 0.488181 0.111335
vt 0.591331 0.176107
vt 0.559487 0.206809
vt 0.530025 0.204950
vt 0.505164 0.171187
vt 0.483853 0.137926
vt 0.583423 0.206130
vt 0.551713 0.236337
vt 0.523853 0.234155
vt 0.501354 0.200713
vt 0.481079 0.165709
vt 0.574718 0.235898
vt 0.544165 0.263572
vt 0.517810 0.261031
vt 0.497284 0.229753
vt 0.478722 0.194985
vt 0.566218 0.263503
vt 0.537141 0.288707
vt 0.512147 0.285775
vt 0.493112 0.256475
vt 0.476291 0.223974
vt 0.558141 0.289058
vt 0.530891 0.312312
vt 0.506970 0.308977
vt 0.488831 0.281097
vt 0.473500 0.250764
vt 0.464864 0.217772
vt 0.467242 0.188915
vt 0.550795 0.313153
vt 0.525615 0.335458
vt 0.502403 0.331527
vt 0.484431 0.304194
vt 0.470271 0.275471
vt 0.461851 0.244819
vt 0.544509 0.336900
vt 0.521199 0.358666
vt 0.498609 0.353784
vt 0.480155 0.326477
vt 0.466396 0.298622
vt 0.458875 0.269732
vt 0.539359 0.360970
vt 0.517052 0.379587
vt 0.495207 0.374202
vt 0.476728 0.348134
vt 0.462207 0.320849
vt 0.455393 0.292919
vt 0.534908 0.383006
vt 0.513139 0.397449
vt 0.492023 0.392110
vt 0.473707 0.368136
vt 0.458769 0.342336
vt 0.451330 0.315172
vt 0.530295 0.400664
vt 0.509015 0.413915
vt 0.488247 0.408695
vt 0.471126 0.385885
vt 0.455615 0.362162
vt 0.447618 0.336922
vt 0.526491 0.416969
vt 0.503611 0.431457
vt 0.482345 0.425991
vt 0.468100 0.402133
vt 0.453206 0.379685
vt 0.443970 0.356925
vt 0.522311 0.434451
vt 0.494461 0.453269
vt 0.470618 0.448730
vt 0.462957 0.417991
vt 0.450955 0.395462
vt 0.441100 0.374323
vt 0.515894 0.459238
vt 0.479838 0.480504
vt 0.462622 0.480630
vt 0.453122 0.433888
vt 0.447117 0.410409
vt 0.438839 0.389895
vt 0.495362 0.485752
vt 0.530266 0.453395
vt 0.532862 0.434088
vt 0.464332 0.507218
vt 0.451035 0.507866
vt 0.446253 0.463863
vt 0.446260 0.486954
vt 0.436164 0.448737
vt 0.438840 0.424803
vt 0.435533 0.404721
vt 0.478576 0.509444
vt 0.506107 0.496837
vt 0.520912 0.482107
vt 0.530462 0.475124
vt 0.439564 0.529460
vt 0.451963 0.530044
vt 0.440254 0.511254
vt 0.425663 0.476792
vt 0.430720 0.495428
vt 0.416238 0.462860
vt 0.424295 0.439034
vt 0.428275 0.419110
vt 0.466996 0.530751
vt 0.490677 0.513909
vt 0.511970 0.511118
vt 0.524786 0.502187
vt 0.532773 0.497516
vt 0.429927 0.528113
vt 0.429716 0.545983
vt 0.443895 0.548255
vt 0.429199 0.514226
vt 0.412186 0.502921
vt 0.405086 0.489023
vt 0.395993 0.477873
vt 0.405549 0.453512
vt 0.415003 0.433289
vt 0.482676 0.531937
vt 0.460751 0.548937
vt 0.499779 0.519191
vt 0.525987 0.522759
vt 0.512781 0.528064
vt 0.419066 0.541296
vt 0.420919 0.526334
vt 0.421347 0.560278
vt 0.438168 0.564236
vt 0.413957 0.515576
vt 0.395489 0.510777
vt 0.387275 0.501473
vt 0.378446 0.492815
vt 0.386568 0.469628
vt 0.397324 0.448486
vt 0.497474 0.532526
vt 0.478183 0.548896
vt 0.456729 0.565571
vt 0.526324 0.541893
vt 0.512091 0.544898
vt 0.408234 0.552535
vt 0.410650 0.535579
vt 0.410405 0.524815
vt 0.414505 0.575595
vt 0.433627 0.581529
vt 0.400542 0.519316
vt 0.377264 0.513267
vt 0.384647 0.520200
vt 0.368969 0.506952
vt 0.369974 0.486041
vt 0.379076 0.465240
vt 0.495475 0.547624
vt 0.475350 0.565108
vt 0.453483 0.583815
vt 0.535517 0.519939
vt 0.536460 0.540765
vt 0.525358 0.558863
vt 0.510931 0.560968
vt 0.399240 0.542530
vt 0.397851 0.565351
vt 0.402758 0.531122
vt 0.399581 0.526150
vt 0.429499 0.602479
vt 0.409259 0.594655
vt 0.389549 0.526833
vt 0.371462 0.524940
vt 0.377598 0.530708
vt 0.360905 0.502218
vt 0.363304 0.520044
vt 0.362795 0.482383
vt 0.493583 0.563426
vt 0.472951 0.582996
vt 0.450438 0.605760
vt 0.534171 0.558528
vt 0.523754 0.573804
vt 0.509216 0.576508
vt 0.393715 0.534133
vt 0.383664 0.549973
vt 0.390965 0.582220
vt 0.425857 0.622600
vt 0.404262 0.617576
vt 0.381486 0.536484
vt 0.366223 0.537047
vt 0.372261 0.541877
vt 0.354203 0.499969
vt 0.355062 0.516735
vt 0.357659 0.532440
vt 0.491647 0.580165
vt 0.470607 0.604529
vt 0.448558 0.630910
vt 0.532750 0.573897
vt 0.522568 0.587375
vt 0.507840 0.592878
vt 0.384023 0.534443
vt 0.376266 0.571287
vt 0.385573 0.599569
vt 0.422900 0.637021
vt 0.409156 0.633048
vt 0.375907 0.546539
vt 0.360836 0.549758
vt 0.367299 0.553898
vt 0.348590 0.515683
vt 0.348803 0.529282
vt 0.352080 0.544943
vt 0.489960 0.600143
vt 0.469097 0.625960
vt 0.438814 0.642662
vt 0.531717 0.587014
vt 0.521657 0.600447
vt 0.506946 0.608094
vt 0.372179 0.588759
vt 0.393517 0.624355
vt 0.380674 0.612705
vt 0.420383 0.648196
vt 0.406786 0.644349
vt 0.371284 0.557579
vt 0.354574 0.563214
vt 0.361346 0.566963
vt 0.341955 0.528756
vt 0.343143 0.541420
vt 0.346691 0.558338
vt 0.490197 0.622496
vt 0.467658 0.642093
vt 0.455016 0.644558
vt 0.436067 0.654246
vt 0.531078 0.599787
vt 0.521489 0.612412
vt 0.506946 0.619332
vt 0.367806 0.603123
vt 0.389435 0.635581
vt 0.376576 0.624356
vt 0.417660 0.658586
vt 0.404308 0.655360
vt 0.366123 0.570173
vt 0.347474 0.576125
vt 0.354259 0.579516
vt 0.336099 0.541069
vt 0.338993 0.554634
vt 0.340889 0.571440
vt 0.482806 0.640833
vt 0.464259 0.654687
vt 0.452148 0.656291
vt 0.446739 0.646810
vt 0.443259 0.658798
vt 0.433343 0.664907
vt 0.498192 0.626930
vt 0.530544 0.613913
vt 0.520369 0.625180
vt 0.505930 0.629105
vt 0.363792 0.615741
vt 0.386936 0.647624
vt 0.373248 0.635677
vt 0.415397 0.668781
vt 0.401176 0.665482
vt 0.359604 0.582463
vt 0.339584 0.586983
vt 0.345862 0.589861
vt 0.332834 0.554373
vt 0.334916 0.567811
vt 0.334168 0.582866
vt 0.479687 0.655182
vt 0.460724 0.666097
vt 0.449291 0.667217
vt 0.430588 0.674873
vt 0.498386 0.634901
vt 0.531243 0.627936
vt 0.518920 0.636513
vt 0.504860 0.639233
vt 0.359017 0.626197
vt 0.384070 0.658079
vt 0.370358 0.646438
vt 0.413140 0.678373
vt 0.399400 0.675419
vt 0.351014 0.592418
vt 0.332491 0.595407
vt 0.338550 0.597819
vt 0.329947 0.567588
vt 0.329428 0.579666
vt 0.327785 0.591619
vt 0.476243 0.668043
vt 0.491149 0.641353
vt 0.487131 0.657164
vt 0.457494 0.676546
vt 0.446665 0.677300
vt 0.440189 0.670265
vt 0.437781 0.680479
vt 0.428558 0.684244
vt 0.496895 0.644526
vt 0.530178 0.640572
vt 0.517081 0.647429
vt 0.503532 0.649671
vt 0.355789 0.637112
vt 0.381024 0.665922
vt 0.367477 0.655168
vt 0.410529 0.688286
vt 0.397230 0.685608
vt 0.344201 0.597720
vt 0.334668 0.603136
vt 0.327740 0.600850
vt 0.325978 0.587117
vt 0.323084 0.596496
vt 0.472923 0.679542
vt 0.483595 0.671480
vt 0.454783 0.686377
vt 0.443970 0.686853
vt 0.435100 0.690261
vt 0.425279 0.694007
vt 0.495146 0.654794
vt 0.528402 0.652144
vt 0.514840 0.658916
vt 0.501500 0.660066
vt 0.352701 0.647060
vt 0.377834 0.672972
vt 0.364748 0.663376
vt 0.407257 0.699447
vt 0.394473 0.697032
vt 0.343269 0.601860
vt 0.321815 0.589542
vt 0.325189 0.579569
vt 0.469331 0.690052
vt 0.480814 0.683852
vt 0.452301 0.696672
vt 0.441681 0.696670
vt 0.432400 0.700289
vt 0.421341 0.705222
vt 0.492554 0.664820
vt 0.525710 0.663598
vt 0.512752 0.669748
vt 0.500131 0.670390
vt 0.350021 0.656810
vt 0.374542 0.680969
vt 0.362296 0.672557
vt 0.403823 0.711056
vt 0.391552 0.708848
vt 0.465739 0.700410
vt 0.476822 0.694857
vt 0.449335 0.707037
vt 0.439017 0.707012
vt 0.428045 0.711947
vt 0.417270 0.716940
vt 0.491626 0.674337
vt 0.522991 0.674127
vt 0.510947 0.678868
vt 0.498867 0.679354
vt 0.348031 0.667144
vt 0.371231 0.689691
vt 0.359751 0.682189
vt 0.400026 0.722252
vt 0.388121 0.720131
vt 0.462089 0.710868
vt 0.473205 0.705735
vt 0.445936 0.717168
vt 0.434847 0.716776
vt 0.423674 0.724116
vt 0.413046 0.728133
vt 0.490748 0.682987
vt 0.520751 0.683042
vt 0.508906 0.687011
vt 0.497262 0.687458
vt 0.345980 0.677531
vt 0.368005 0.698964
vt 0.356715 0.691874
vt 0.395554 0.733590
vt 0.383967 0.731469
vt 0.458276 0.720982
vt 0.469420 0.716731
vt 0.441616 0.726087
vt 0.430978 0.726307
vt 0.419316 0.735414
vt 0.408264 0.739394
vt 0.489506 0.691002
vt 0.518447 0.691147
vt 0.506167 0.694826
vt 0.494849 0.695132
vt 0.343042 0.687511
vt 0.338122 0.680398
vt 0.340486 0.670113
vt 0.364189 0.708573
vt 0.353020 0.701724
vt 0.389993 0.745615
vt 0.378752 0.743480
vt 0.454674 0.730003
vt 0.465655 0.727233
vt 0.436872 0.735377
vt 0.426396 0.735708
vt 0.414491 0.746559
vt 0.402365 0.751349
vt 0.515560 0.699121
vt 0.503024 0.702851
vt 0.492117 0.702905
vt 0.339690 0.697565
vt 0.359149 0.718293
vt 0.348564 0.711862
vt 0.385829 0.756638
vt 0.379010 0.752586
vt 0.449803 0.739204
vt 0.461103 0.736184
vt 0.431433 0.745400
vt 0.421192 0.745787
vt 0.408577 0.758319
vt 0.396345 0.758546
vt 0.512174 0.707362
vt 0.499926 0.711600
vt 0.489634 0.711285
vt 0.336296 0.708104
vt 0.353005 0.723443
vt 0.344351 0.720873
vt 0.386461 0.764852
vt 0.376303 0.757671
vt 0.444139 0.749144
vt 0.457273 0.745489
vt 0.428313 0.755281
vt 0.422046 0.753649
vt 0.399588 0.765992
vt 0.508470 0.716280
vt 0.497490 0.718271
vt 0.489456 0.719630
vt 0.336467 0.716252
vt 0.353464 0.729423
vt 0.341397 0.727207
vt 0.438824 0.755885
vt 0.451601 0.755293
vt 0.420927 0.759988
vt 0.430693 0.763822
vt 0.502832 0.723693
vt 0.493758 0.727200
vt 0.482956 0.714479
vt 0.485136 0.720268
vt 0.331210 0.720059
vt 0.329427 0.710593
vt 0.443329 0.762579
vt 0.511269 0.721989
vt 0.505441 0.726088
vt 0.486260 0.726243
vt 0.695963 0.001820
vt 0.700566 0.024445
vt 0.679335 0.030301
vt 0.674412 0.008042
vt 0.705696 0.047445
vt 0.684093 0.053225
vt 0.655245 0.035574
vt 0.650027 0.013950
vt 0.711703 0.071405
vt 0.689237 0.076982
vt 0.659291 0.057799
vt 0.694952 0.101728
vt 0.718690 0.096573
vt 0.663637 0.080789
vt 0.667830 0.105238
vt 0.701371 0.127441
vt 0.725860 0.122448
vt 0.673316 0.130925
vt 0.708394 0.153754
vt 0.732546 0.148796
vt 0.680990 0.157400
vt 0.646485 0.132810
vt 0.641443 0.107031
vt 0.715397 0.181309
vt 0.738467 0.176098
vt 0.689355 0.185305
vt 0.654806 0.159787
vt 0.743693 0.204706
vt 0.721878 0.210574
vt 0.696773 0.215129
vt 0.664332 0.188237
vt 0.727603 0.239832
vt 0.703278 0.244925
vt 0.672840 0.218259
vt 0.732391 0.267312
vt 0.709129 0.272597
vt 0.680418 0.248027
vt 0.736544 0.293110
vt 0.714360 0.298333
vt 0.687248 0.275632
vt 0.740646 0.317668
vt 0.719136 0.322708
vt 0.693450 0.301187
vt 0.745112 0.342027
vt 0.724088 0.346857
vt 0.699048 0.325282
vt 0.750381 0.366862
vt 0.729668 0.371557
vt 0.704565 0.349030
vt 0.754799 0.389421
vt 0.734932 0.394267
vt 0.710217 0.373100
vt 0.758529 0.408816
vt 0.739061 0.412590
vt 0.715574 0.395136
vt 0.760427 0.426164
vt 0.741102 0.429270
vt 0.720357 0.412793
vt 0.760039 0.443371
vt 0.740663 0.446217
vt 0.723140 0.429098
vt 0.757651 0.462289
vt 0.738537 0.465525
vt 0.723525 0.446580
vt 0.754785 0.484237
vt 0.736491 0.487253
vt 0.752426 0.508023
vt 0.733975 0.509645
vt 0.749221 0.531161
vt 0.731176 0.532068
vt 0.746244 0.552844
vt 0.728474 0.552894
vt 0.717232 0.514317
vt 0.715977 0.534889
vt 0.743395 0.572177
vt 0.726442 0.570657
vt 0.739938 0.588552
vt 0.724091 0.586026
vt 0.736584 0.602693
vt 0.721486 0.599143
vt 0.732213 0.616183
vt 0.718261 0.611917
vt 0.726731 0.630744
vt 0.714244 0.626042
vt 0.721445 0.645702
vt 0.709334 0.640065
vt 0.716493 0.659169
vt 0.705101 0.652701
vt 0.710910 0.671275
vt 0.700100 0.664273
vt 0.703601 0.682259
vt 0.693457 0.675727
vt 0.696024 0.692069
vt 0.686481 0.686256
vt 0.711626 0.686633
vt 0.704048 0.695601
vt 0.689736 0.700633
vt 0.680669 0.695171
vt 0.697600 0.703821
vt 0.683700 0.708657
vt 0.674946 0.703276
vt 0.691340 0.711763
vt 0.676781 0.716764
vt 0.668153 0.711250
vt 0.684244 0.719875
vt 0.669423 0.725155
vt 0.661009 0.719491
vt 0.676658 0.728304
vt 0.662113 0.734118
vt 0.654261 0.728409
vt 0.668973 0.737242
vt 0.657823 0.738217
vt 0.661442 0.742438
vt 0.768125 0.604676
vt 0.772558 0.584842
vt 0.794229 0.589705
vt 0.789388 0.610169
vt 0.775598 0.565579
vt 0.798184 0.570100
vt 0.818581 0.595407
vt 0.813933 0.616608
vt 0.778644 0.544974
vt 0.801675 0.549589
vt 0.822782 0.575104
vt 0.842970 0.601600
vt 0.837989 0.623204
vt 0.782569 0.521860
vt 0.805552 0.526819
vt 0.826811 0.554294
vt 0.847477 0.580760
vt 0.864905 0.606707
vt 0.858969 0.628448
vt 0.787051 0.496534
vt 0.810092 0.501922
vt 0.830970 0.531658
vt 0.851873 0.559408
vt 0.869963 0.585355
vt 0.793294 0.469942
vt 0.815308 0.475636
vt 0.835288 0.507124
vt 0.856301 0.536417
vt 0.874580 0.563369
vt 0.800873 0.442159
vt 0.821330 0.447958
vt 0.839625 0.481011
vt 0.860399 0.511666
vt 0.879089 0.539810
vt 0.809516 0.412883
vt 0.828207 0.418953
vt 0.844292 0.453349
vt 0.863916 0.485426
vt 0.882899 0.514571
vt 0.849588 0.424350
vt 0.867374 0.457693
vt 0.885881 0.488204
vt 0.835373 0.390096
vt 0.855164 0.395449
vt 0.871323 0.428519
vt 0.888619 0.460628
vt 0.842062 0.363049
vt 0.860447 0.368304
vt 0.875440 0.399477
vt 0.891474 0.431279
vt 0.848149 0.338136
vt 0.865089 0.343138
vt 0.879224 0.372178
vt 0.894089 0.402042
vt 0.853275 0.314950
vt 0.868952 0.319808
vt 0.882543 0.346851
vt 0.896434 0.374619
vt 0.857671 0.292696
vt 0.872311 0.297347
vt 0.885354 0.323223
vt 0.898679 0.349090
vt 0.861808 0.270946
vt 0.875540 0.275300
vt 0.887924 0.300444
vt 0.900840 0.325103
vt 0.865246 0.250943
vt 0.878568 0.254945
vt 0.890537 0.278163
vt 0.902985 0.301959
vt 0.867796 0.233545
vt 0.881060 0.237399
vt 0.893265 0.257560
vt 0.905221 0.279460
vt 0.869508 0.217973
vt 0.882676 0.221596
vt 0.895824 0.239534
vt 0.907728 0.258633
vt 0.870023 0.203148
vt 0.882759 0.206196
vt 0.897579 0.222973
vt 0.910253 0.240041
vt 0.868223 0.188758
vt 0.880715 0.191064
vt 0.897648 0.206367
vt 0.912075 0.222653
vt 0.863544 0.174580
vt 0.876101 0.175614
vt 0.895636 0.189416
vt 0.912321 0.204904
vt 0.856874 0.159383
vt 0.869198 0.159528
vt 0.891020 0.171987
vt 0.910572 0.186237
vt 0.849372 0.142628
vt 0.860510 0.142501
vt 0.883363 0.154192
vt 0.906708 0.166243
vt 0.841818 0.125485
vt 0.851359 0.125365
vt 0.872667 0.137910
vt 0.899144 0.141780
vt 0.843801 0.107354
vt 0.835976 0.107899
vt 0.861034 0.120847
vt 0.851818 0.103701
vt 0.837364 0.091114
vt 0.830435 0.092185
vt 0.844899 0.088003
vt 0.830991 0.077509
vt 0.823398 0.079113
vt 0.839493 0.074301
vt 0.852133 0.083259
vt 0.859537 0.097881
vt 0.825026 0.064804
vt 0.816360 0.066799
vt 0.834684 0.061308
vt 0.847431 0.069684
vt 0.819914 0.051377
vt 0.810911 0.053496
vt 0.829662 0.047904
vt 0.843338 0.056548
vt 0.814819 0.038172
vt 0.806109 0.040281
vt 0.823929 0.034852
vt 0.838105 0.043311
vt 0.808946 0.026238
vt 0.801045 0.028300
vt 0.817026 0.022996
vt 0.831614 0.030565
vt 0.799061 0.040057
vt 0.794640 0.028202
vt 0.803926 0.016101
vt 0.796728 0.018326
vt 0.811416 0.013045
vt 0.823771 0.018941
vt 0.794367 0.011372
vt 0.801605 0.008577
vt 0.809832 0.006030
vt 0.817907 0.012507
vt 0.794032 0.007018
vt 0.801529 0.003772
vt 0.810447 0.001820
vt 0.818687 0.006953
vt 0.827719 0.014452
vt 0.819969 0.003409
vt 0.985397 0.845625
vt 0.969831 0.848905
vt 0.965662 0.830512
vt 0.982054 0.825221
vt 0.988086 0.868200
vt 0.972090 0.869594
vt 0.957870 0.849543
vt 0.954592 0.835651
vt 0.955028 0.810935
vt 0.978115 0.806306
vt 0.947366 0.826466
vt 0.957286 0.789622
vt 0.975698 0.789047
vt 0.998008 0.819516
vt 0.996061 0.800203
vt 0.946700 0.836278
vt 0.941230 0.830048
vt 0.958001 0.772150
vt 0.973372 0.773071
vt 0.993563 0.782151
vt 0.956572 0.757785
vt 0.970724 0.757745
vt 0.990467 0.765517
vt 0.954290 0.745167
vt 0.967414 0.745348
vt 0.986558 0.750562
vt 0.950491 0.734712
vt 0.964534 0.733581
vt 0.983809 0.737443
vt 0.948439 0.723797
vt 0.961488 0.722665
vt 0.980374 0.725876
vt 0.946246 0.713849
vt 0.957783 0.711956
vt 0.976602 0.715140
vt 0.943508 0.704099
vt 0.953554 0.701351
vt 0.971466 0.704304
vt 0.939818 0.693764
vt 0.948944 0.690796
vt 0.965720 0.693749
vt 0.960078 0.683704
vt 0.943535 0.680511
vt 0.954064 0.674010
vt 0.936864 0.670649
vt 0.947211 0.664496
vt 0.929656 0.660729
vt 0.939942 0.654826
vt 0.928335 0.673397
vt 0.934875 0.683378
vt 0.922703 0.650316
vt 0.932696 0.644708
vt 0.921112 0.663343
vt 0.918176 0.640850
vt 0.926821 0.638865
vt 0.914207 0.652804
vt 0.918203 0.633702
vt 0.929045 0.632440
vt 0.937920 0.638892
vt 0.211152 0.840799
vt 0.216079 0.830813
vt 0.223634 0.832480
vt 0.219104 0.842625
vt 0.202779 0.837933
vt 0.207798 0.827602
vt 0.220750 0.821837
vt 0.228168 0.823272
vt 0.204884 0.853134
vt 0.212853 0.854844
vt 0.194854 0.834448
vt 0.200244 0.823408
vt 0.212317 0.818318
vt 0.196542 0.850337
vt 0.225976 0.812757
vt 0.234180 0.814070
vt 0.197932 0.865464
vt 0.205650 0.866924
vt 0.204864 0.813353
vt 0.188624 0.847041
vt 0.217063 0.809171
vt 0.189791 0.862649
vt 0.230616 0.807460
vt 0.240212 0.808770
vt 0.191062 0.875282
vt 0.198342 0.876564
vt 0.208813 0.803702
vt 0.182206 0.859332
vt 0.220859 0.803019
vt 0.183331 0.872492
vt 0.185271 0.881578
vt 0.192512 0.882839
vt 0.211905 0.796185
vt 0.176377 0.869287
vt 0.177869 0.878729
vt 0.174264 0.874589
vt 0.699926 0.746430
vt 0.708185 0.752944
vt 0.700526 0.759420
vt 0.692716 0.748879
vt 0.690661 0.763069
vt 0.687280 0.753963
vt 0.709189 0.771278
vt 0.699079 0.775081
vt 0.717336 0.782550
vt 0.707054 0.786418
vt 0.724835 0.793985
vt 0.714230 0.797701
vt 0.731560 0.806343
vt 0.720262 0.809518
vt 0.737252 0.818320
vt 0.724884 0.820941
vt 0.741802 0.828680
vt 0.727958 0.831130
vt 0.745054 0.838428
vt 0.730371 0.841068
vt 0.748094 0.848978
vt 0.733919 0.851189
vt 0.750862 0.860978
vt 0.735713 0.862200
vt 0.760845 0.844181
vt 0.765080 0.857000
vt 0.752655 0.874030
vt 0.736216 0.873501
vt 0.767468 0.871453
vt 0.752332 0.881217
vt 0.730306 0.888973
vt 0.769658 0.887585
vt 0.652901 0.831339
vt 0.657898 0.818967
vt 0.671486 0.822644
vt 0.665732 0.834976
vt 0.661815 0.804651
vt 0.676208 0.807765
vt 0.648103 0.842345
vt 0.659845 0.846279
vt 0.664087 0.788841
vt 0.680119 0.789789
vt 0.642765 0.853223
vt 0.653587 0.857240
vt 0.664062 0.777340
vt 0.681145 0.770659
vt 0.636390 0.864219
vt 0.646730 0.868449
vt 0.653154 0.788320
vt 0.647757 0.769983
vt 0.628871 0.874721
vt 0.638856 0.879215
vt 0.621016 0.883672
vt 0.631056 0.889117
vt 0.611869 0.892976
vt 0.622261 0.898360
vt 0.602946 0.902781
vt 0.613238 0.908123
vt 0.598256 0.910066
vt 0.607461 0.911997
vt 0.462204 0.855575
vt 0.474324 0.851351
vt 0.478837 0.861619
vt 0.466132 0.865658
vt 0.458330 0.846022
vt 0.469337 0.841394
vt 0.482893 0.873053
vt 0.469480 0.876584
vt 0.454272 0.836206
vt 0.464420 0.831365
vt 0.486947 0.884998
vt 0.471406 0.888317
vt 0.449056 0.825863
vt 0.458682 0.820820
vt 0.489179 0.891919
vt 0.469078 0.901965
vt 0.442471 0.816099
vt 0.451834 0.810300
vt 0.498447 0.885017
vt 0.507233 0.900177
vt 0.434811 0.806568
vt 0.444637 0.800640
vt 0.426473 0.797167
vt 0.436279 0.791174
vt 0.417936 0.787088
vt 0.427655 0.781124
vt 0.413553 0.779226
vt 0.419237 0.772887
vt 0.425182 0.769983
vt 0.433549 0.774226
vt 0.366938 0.810486
vt 0.368025 0.800032
vt 0.383285 0.805470
vt 0.381320 0.815657
vt 0.370045 0.787988
vt 0.385450 0.794181
vt 0.396437 0.805218
vt 0.393227 0.815216
vt 0.365038 0.818330
vt 0.378557 0.824582
vt 0.371954 0.776762
vt 0.388230 0.782707
vt 0.399475 0.793589
vt 0.388824 0.824376
vt 0.362114 0.825379
vt 0.374169 0.831721
vt 0.368065 0.769983
vt 0.390091 0.777740
vt 0.402020 0.780302
vt 0.384116 0.833197
vt 0.357994 0.833377
vt 0.369074 0.839374
vt 0.407417 0.771371
vt 0.378186 0.841217
vt 0.352612 0.842098
vt 0.363136 0.847662
vt 0.371839 0.849532
vt 0.345857 0.851371
vt 0.356172 0.856728
vt 0.364763 0.858569
vt 0.338390 0.860981
vt 0.348560 0.866280
vt 0.357137 0.868107
vt 0.330893 0.870701
vt 0.340699 0.876002
vt 0.349152 0.877978
vt 0.328583 0.875850
vt 0.334149 0.881831
vt 0.306756 0.863443
vt 0.312596 0.874404
vt 0.301993 0.879748
vt 0.296594 0.869480
vt 0.317763 0.885050
vt 0.306522 0.889374
vt 0.300775 0.853323
vt 0.290618 0.859454
vt 0.322448 0.893353
vt 0.309498 0.897344
vt 0.294456 0.844519
vt 0.284916 0.849937
vt 0.288727 0.836228
vt 0.279696 0.841287
vt 0.282809 0.828286
vt 0.274173 0.833273
vt 0.275889 0.820510
vt 0.267530 0.825642
vt 0.266322 0.836817
vt 0.259722 0.829142
vt 0.268480 0.812561
vt 0.260449 0.817943
vt 0.252783 0.821369
vt 0.261081 0.804147
vt 0.253590 0.809796
vt 0.246348 0.812989
vt 0.253992 0.798031
vt 0.249933 0.804007
vt 0.258292 0.796185
vt 0.265203 0.799425
vt 0.574678 0.785884
vt 0.589708 0.784865
vt 0.587051 0.798693
vt 0.572785 0.797872
vt 0.574066 0.780030
vt 0.592120 0.771772
vt 0.583027 0.811005
vt 0.569717 0.809338
vt 0.553966 0.769983
vt 0.560331 0.781736
vt 0.578950 0.821779
vt 0.566108 0.819553
vt 0.559002 0.793319
vt 0.557021 0.803981
vt 0.574469 0.832079
vt 0.562140 0.829335
vt 0.568439 0.842400
vt 0.557187 0.839363
vt 0.561919 0.854802
vt 0.551138 0.851021
vt 0.554129 0.867508
vt 0.544064 0.863190
vt 0.546028 0.878931
vt 0.536300 0.874488
vt 0.537495 0.889997
vt 0.527946 0.885633
vt 0.528401 0.901583
vt 0.519090 0.897393
vt 0.522224 0.904370
vt 0.513368 0.905066
vt 0.099065 0.816025
vt 0.093984 0.809993
vt 0.101018 0.802320
vt 0.104610 0.809278
vt 0.089382 0.805119
vt 0.099075 0.796185
vt 0.087885 0.819590
vt 0.080340 0.816427
vt 0.072692 0.826807
vt 0.083517 0.829346
vt 0.152076 0.815510
vt 0.142256 0.809679
vt 0.147161 0.803948
vt 0.153273 0.809662
vt 0.133461 0.802372
vt 0.138994 0.796185
vt 0.160937 0.818121
vt 0.160034 0.809506
vt 0.159300 0.826306
vt 0.149842 0.822751
vt 0.168128 0.818969
vt 0.166716 0.809448
vt 0.148732 0.830153
vt 0.157333 0.833745
vt 0.166983 0.827887
vt 0.164261 0.835385
vt 0.110745 0.807403
vt 0.117348 0.796185
vt 0.122394 0.813268
vt 0.119159 0.816893
vt 0.127325 0.829573
vt 0.119330 0.829842
vt 0.031112 0.838318
vt 0.037662 0.830821
vt 0.046115 0.836833
vt 0.038944 0.841678
vt 0.038366 0.851431
vt 0.027523 0.850385
vt 0.007742 0.833934
vt 0.002941 0.826403
vt 0.013598 0.823461
vt 0.014572 0.830372
vt 0.021173 0.834673
vt 0.013674 0.841279
vt 0.004600 0.844387
vt 0.001992 0.837553
vt 0.052679 0.803340
vt 0.058456 0.796185
vt 0.066557 0.806090
vt 0.057225 0.811752
vt 0.047042 0.817063
vt 0.043474 0.804427
vt 0.061019 0.819896
vt 0.055073 0.826829
vt 0.032366 0.796715
vt 0.034871 0.805013
vt 0.024566 0.809313
vt 0.023510 0.796185
vt 0.037338 0.813461
vt 0.030128 0.819470
vt 0.908072 0.701217
vt 0.904167 0.729197
vt 0.843572 0.702289
vt 0.892373 0.753920
vt 0.901546 0.674248
vt 0.874965 0.769847
vt 0.886243 0.652994
vt 0.853414 0.775897
vt 0.865263 0.639290
vt 0.829029 0.770830
vt 0.841207 0.632440
vt 0.805099 0.755089
vt 0.816662 0.634167
vt 0.785048 0.729401
vt 0.795399 0.646019
vt 0.775794 0.697708
vt 0.779978 0.667569
vn -0.988411 -0.012721 0.151266
vn -0.991166 -0.001126 0.132622
vn -0.977820 -0.024664 -0.207989
vn -0.982002 -0.037180 -0.185175
vn -0.982002 -0.037180 -0.185175
vn -0.977820 -0.024664 -0.207989
vn -0.863701 -0.064942 -0.499803
vn -0.864453 -0.084991 -0.495477
vn -0.991166 -0.001126 0.132622
vn -0.991268 0.022242 0.129978
vn -0.976124 0.003196 -0.217193
vn -0.977820 -0.024664 -0.207989
vn -0.991268 0.022242 0.129978
vn -0.989097 0.026451 0.144871
vn -0.976963 0.023981 -0.212060
vn -0.976124 0.003196 -0.217193
vn -0.977820 -0.024664 -0.207989
vn -0.976124 0.003196 -0.217193
vn -0.867387 -0.022931 -0.497105
vn -0.863701 -0.064942 -0.499803
vn -0.976124 0.003196 -0.217193
vn -0.976963 0.023981 -0.212060
vn -0.871706 0.023091 -0.489484
vn -0.867387 -0.022931 -0.497105
vn -0.864453 -0.084991 -0.495477
vn -0.863701 -0.064942 -0.499803
vn -0.608594 -0.144388 -0.780235
vn -0.583196 -0.175191 -0.793216
vn -0.583196 -0.175191 -0.793216
vn -0.608594 -0.144388 -0.780235
vn -0.155799 -0.221591 -0.962613
vn -0.144355 -0.243698 -0.959048
vn -0.863701 -0.064942 -0.499803
vn -0.867387 -0.022931 -0.497105
vn -0.626085 -0.065082 -0.777034
vn -0.608594 -0.144388 -0.780235
vn -0.867387 -0.022931 -0.497105
vn -0.871706 0.023091 -0.489484
vn -0.626074 0.021356 -0.779471
vn -0.626085 -0.065082 -0.777034
vn -0.608594 -0.144388 -0.780235
vn -0.626085 -0.065082 -0.777034
vn -0.158964 -0.106284 -0.981547
vn -0.155799 -0.221591 -0.962613
vn -0.626085 -0.065082 -0.777034
vn -0.626074 0.021356 -0.779471
vn -0.153771 0.008688 -0.988068
vn -0.158964 -0.106284 -0.981547
vn -0.144355 -0.243698 -0.959048
vn -0.155799 -0.221591 -0.962613
vn 0.305593 -0.217788 -0.926920
vn 0.280793 -0.218330 -0.934605
vn 0.280793 -0.218330 -0.934605
vn 0.305593 -0.217788 -0.926920
vn 0.591115 -0.173021 -0.787812
vn 0.589757 -0.160905 -0.791389
vn -0.155799 -0.221591 -0.962613
vn -0.158964 -0.106284 -0.981547
vn 0.318948 -0.128432 -0.939030
vn 0.305593 -0.217788 -0.926920
vn -0.158964 -0.106284 -0.981547
vn -0.153771 0.008688 -0.988068
vn 0.306638 -0.039944 -0.950988
vn 0.318948 -0.128432 -0.939030
vn 0.305593 -0.217788 -0.926920
vn 0.318948 -0.128432 -0.939030
vn 0.597222 -0.138683 -0.789996
vn 0.591115 -0.173021 -0.787812
vn 0.318948 -0.128432 -0.939030
vn 0.306638 -0.039944 -0.950988
vn 0.594082 -0.092134 -0.799110
vn 0.597222 -0.138683 -0.789996
vn 0.589757 -0.160905 -0.791389
vn 0.591115 -0.173021 -0.787812
vn 0.813273 -0.144939 -0.563542
vn 0.826852 -0.120683 -0.549319
vn 0.826852 -0.120683 -0.549319
vn 0.813273 -0.144939 -0.563542
vn 0.977092 -0.102559 -0.186475
vn 0.980786 -0.061693 -0.185075
vn 0.591115 -0.173021 -0.787812
vn 0.597222 -0.138683 -0.789996
vn 0.811017 -0.141724 -0.567596
vn 0.813273 -0.144939 -0.563542
vn 0.597222 -0.138683 -0.789996
vn 0.594082 -0.092134 -0.799110
vn 0.818430 -0.111620 -0.563661
vn 0.811017 -0.141724 -0.567596
vn 0.813273 -0.144939 -0.563542
vn 0.811017 -0.141724 -0.567596
vn 0.975233 -0.125043 -0.182442
vn 0.977092 -0.102559 -0.186475
vn 0.811017 -0.141724 -0.567596
vn 0.818430 -0.111620 -0.563661
vn 0.977342 -0.110201 -0.180715
vn 0.975233 -0.125043 -0.182442
vn 0.980786 -0.061693 -0.185075
vn 0.977092 -0.102559 -0.186475
vn 0.960988 -0.019844 0.275876
vn 0.966014 0.051801 0.253245
vn 0.966014 0.051801 0.253245
vn 0.960988 -0.019844 0.275876
vn 0.718894 0.090239 0.689238
vn 0.741354 0.203219 0.639606
vn 0.977092 -0.102559 -0.186475
vn 0.975233 -0.125043 -0.182442
vn 0.953737 -0.093116 0.285859
vn 0.960988 -0.019844 0.275876
vn 0.975233 -0.125043 -0.182442
vn 0.977342 -0.110201 -0.180715
vn 0.953870 -0.106498 0.280696
vn 0.953737 -0.093116 0.285859
vn 0.960988 -0.019844 0.275876
vn 0.953737 -0.093116 0.285859
vn 0.696239 -0.050948 0.715999
vn 0.718894 0.090239 0.689238
vn 0.953737 -0.093116 0.285859
vn 0.953870 -0.106498 0.280696
vn 0.696654 -0.104201 0.709800
vn 0.696239 -0.050948 0.715999
vn 0.741354 0.203219 0.639606
vn 0.718894 0.090239 0.689238
vn 0.371545 0.178110 0.911170
vn 0.377783 0.305317 0.874106
vn 0.377783 0.305317 0.874106
vn 0.371545 0.178110 0.911170
vn 0.067184 0.182871 0.980839
vn 0.013946 0.297812 0.954523
vn 0.718894 0.090239 0.689238
vn 0.696239 -0.050948 0.715999
vn 0.345858 -0.004129 0.938278
vn 0.371545 0.178110 0.911170
vn 0.696239 -0.050948 0.715999
vn 0.696654 -0.104201 0.709800
vn 0.334356 -0.095847 0.937560
vn 0.345858 -0.004129 0.938278
vn 0.371545 0.178110 0.911170
vn 0.345858 -0.004129 0.938278
vn 0.090511 0.021728 0.995658
vn 0.067184 0.182871 0.980839
vn 0.345858 -0.004129 0.938278
vn 0.334356 -0.095847 0.937560
vn 0.077771 -0.068093 0.994643
vn 0.090511 0.021728 0.995658
vn 0.013946 0.297812 0.954523
vn 0.067184 0.182871 0.980839
vn -0.218600 0.119488 0.968471
vn -0.297372 0.211418 0.931060
vn -0.297372 0.211418 0.931060
vn -0.218600 0.119488 0.968471
vn -0.566643 0.054495 0.822159
vn -0.604806 0.103012 0.789682
vn 0.067184 0.182871 0.980839
vn 0.090511 0.021728 0.995658
vn -0.174453 0.026694 0.984304
vn -0.218600 0.119488 0.968471
vn 0.090511 0.021728 0.995658
vn 0.077771 -0.068093 0.994643
vn -0.181590 -0.019798 0.983175
vn -0.174453 0.026694 0.984304
vn -0.218600 0.119488 0.968471
vn -0.174453 0.026694 0.984304
vn -0.549824 0.033088 0.834625
vn -0.566643 0.054495 0.822159
vn -0.174453 0.026694 0.984304
vn -0.181590 -0.019798 0.983175
vn -0.550566 0.026767 0.834362
vn -0.549824 0.033088 0.834625
vn -0.604806 0.103012 0.789682
vn -0.566643 0.054495 0.822159
vn -0.860978 0.020674 0.508221
vn -0.862071 0.025816 0.506130
vn -0.862071 0.025816 0.506130
vn -0.860978 0.020674 0.508221
vn -0.991166 -0.001126 0.132622
vn -0.988411 -0.012721 0.151266
vn -0.566643 0.054495 0.822159
vn -0.549824 0.033088 0.834625
vn -0.859974 0.035213 0.509121
vn -0.860978 0.020674 0.508221
vn -0.549824 0.033088 0.834625
vn -0.550566 0.026767 0.834362
vn -0.851816 0.036953 0.522536
vn -0.859974 0.035213 0.509121
vn -0.860978 0.020674 0.508221
vn -0.859974 0.035213 0.509121
vn -0.991268 0.022242 0.129978
vn -0.991166 -0.001126 0.132622
vn -0.859974 0.035213 0.509121
vn -0.851816 0.036953 0.522536
vn -0.989097 0.026451 0.144871
vn -0.991268 0.022242 0.129978
vn 0.077771 -0.068093 0.994643
vn 0.334356 -0.095847 0.937560
vn 0.340852 -0.089949 0.935804
vn 0.057129 -0.057114 0.996732
vn 0.334356 -0.095847 0.937560
vn 0.696654 -0.104201 0.709800
vn 0.717261 -0.093831 0.690458
vn 0.340852 -0.089949 0.935804
vn 0.057129 -0.057114 0.996732
vn 0.340852 -0.089949 0.935804
vn 0.352452 -0.028386 0.935399
vn 0.044794 -0.001998 0.998994
vn 0.340852 -0.089949 0.935804
vn 0.717261 -0.093831 0.690458
vn 0.744839 -0.033326 0.666411
vn 0.352452 -0.028386 0.935399
vn 0.696654 -0.104201 0.709800
vn 0.953870 -0.106498 0.280696
vn 0.961884 -0.072932 0.263551
vn 0.717261 -0.093831 0.690458
vn 0.953870 -0.106498 0.280696
vn 0.977342 -0.110201 -0.180715
vn 0.981133 -0.062458 -0.182965
vn 0.961884 -0.072932 0.263551
vn 0.717261 -0.093831 0.690458
vn 0.961884 -0.072932 0.263551
vn 0.973107 -0.014787 0.229881
vn 0.744839 -0.033326 0.666411
vn 0.961884 -0.072932 0.263551
vn 0.981133 -0.062458 -0.182965
vn 0.981092 -0.000762 -0.193541
vn 0.973107 -0.014787 0.229881
vn 0.044794 -0.001998 0.998994
vn 0.352452 -0.028386 0.935399
vn 0.374424 0.045055 0.926163
vn 0.046636 0.056354 0.997321
vn 0.352452 -0.028386 0.935399
vn 0.744839 -0.033326 0.666411
vn 0.773000 0.043572 0.632908
vn 0.374424 0.045055 0.926163
vn 0.046636 0.056354 0.997321
vn 0.374424 0.045055 0.926163
vn 0.404767 0.090071 0.909973
vn 0.058104 0.097016 0.993585
vn 0.374424 0.045055 0.926163
vn 0.773000 0.043572 0.632908
vn 0.793643 0.084101 0.602543
vn 0.404767 0.090071 0.909973
vn 0.744839 -0.033326 0.666411
vn 0.973107 -0.014787 0.229881
vn 0.980785 0.045146 0.189795
vn 0.773000 0.043572 0.632908
vn 0.973107 -0.014787 0.229881
vn 0.981092 -0.000762 -0.193541
vn 0.975841 0.047465 -0.213263
vn 0.980785 0.045146 0.189795
vn 0.773000 0.043572 0.632908
vn 0.980785 0.045146 0.189795
vn 0.983758 0.070587 0.165041
vn 0.793643 0.084101 0.602543
vn 0.980785 0.045146 0.189795
vn 0.975841 0.047465 -0.213263
vn 0.971784 0.061368 -0.227751
vn 0.983758 0.070587 0.165041
vn -0.948945 0.167020 0.267597
vn -0.961839 0.131823 0.239768
vn -0.789710 0.119170 0.601795
vn -0.766676 0.152933 0.623554
vn -0.961839 0.131823 0.239768
vn -0.974438 0.087869 0.206762
vn -0.813449 0.084962 0.575397
vn -0.789710 0.119170 0.601795
vn -0.766676 0.152933 0.623554
vn -0.789710 0.119170 0.601795
vn -0.525719 0.104329 0.844236
vn -0.504660 0.135470 0.852623
vn -0.789710 0.119170 0.601795
vn -0.813449 0.084962 0.575397
vn -0.545078 0.075123 0.835013
vn -0.525719 0.104329 0.844236
vn -0.974438 0.087869 0.206762
vn -0.984047 0.043180 0.172588
vn -0.835397 0.053275 0.547059
vn -0.813449 0.084962 0.575397
vn -0.984047 0.043180 0.172588
vn -0.989097 0.026451 0.144871
vn -0.851816 0.036953 0.522536
vn -0.835397 0.053275 0.547059
vn -0.813449 0.084962 0.575397
vn -0.835397 0.053275 0.547059
vn -0.553263 0.045140 0.831783
vn -0.545078 0.075123 0.835013
vn -0.835397 0.053275 0.547059
vn -0.851816 0.036953 0.522536
vn -0.550566 0.026767 0.834362
vn -0.553263 0.045140 0.831783
vn -0.504660 0.135470 0.852623
vn -0.525719 0.104329 0.844236
vn -0.237733 0.081119 0.967937
vn -0.231527 0.115394 0.965960
vn -0.525719 0.104329 0.844236
vn -0.545078 0.075123 0.835013
vn -0.233854 0.039492 0.971469
vn -0.237733 0.081119 0.967937
vn -0.231527 0.115394 0.965960
vn -0.237733 0.081119 0.967937
vn 0.046636 0.056354 0.997321
vn 0.058104 0.097016 0.993585
vn -0.237733 0.081119 0.967937
vn -0.233854 0.039492 0.971469
vn 0.044794 -0.001998 0.998994
vn 0.046636 0.056354 0.997321
vn -0.545078 0.075123 0.835013
vn -0.553263 0.045140 0.831783
vn -0.211279 -0.003742 0.977419
vn -0.233854 0.039492 0.971469
vn -0.553263 0.045140 0.831783
vn -0.550566 0.026767 0.834362
vn -0.181590 -0.019798 0.983175
vn -0.211279 -0.003742 0.977419
vn -0.233854 0.039492 0.971469
vn -0.211279 -0.003742 0.977419
vn 0.057129 -0.057114 0.996732
vn 0.044794 -0.001998 0.998994
vn -0.211279 -0.003742 0.977419
vn -0.181590 -0.019798 0.983175
vn 0.077771 -0.068093 0.994643
vn 0.057129 -0.057114 0.996732
vn -0.273358 0.076890 -0.958834
vn 0.184303 0.052698 -0.981456
vn 0.204057 0.042909 -0.978018
vn -0.241906 0.069899 -0.967779
vn 0.184303 0.052698 -0.981456
vn 0.564099 0.047578 -0.824335
vn 0.572971 0.034686 -0.818841
vn 0.204057 0.042909 -0.978018
vn -0.241906 0.069899 -0.967779
vn 0.204057 0.042909 -0.978018
vn 0.236539 0.028409 -0.971207
vn -0.201923 0.075794 -0.976464
vn 0.204057 0.042909 -0.978018
vn 0.572971 0.034686 -0.818841
vn 0.585201 -0.005082 -0.810873
vn 0.236539 0.028409 -0.971207
vn 0.564099 0.047578 -0.824335
vn 0.829117 0.053024 -0.556555
vn 0.832814 0.041114 -0.552024
vn 0.572971 0.034686 -0.818841
vn 0.829117 0.053024 -0.556555
vn 0.971784 0.061368 -0.227751
vn 0.975841 0.047465 -0.213263
vn 0.832814 0.041114 -0.552024
vn 0.572971 0.034686 -0.818841
vn 0.832814 0.041114 -0.552024
vn 0.836164 -0.006368 -0.548442
vn 0.585201 -0.005082 -0.810873
vn 0.832814 0.041114 -0.552024
vn 0.975841 0.047465 -0.213263
vn 0.981092 -0.000762 -0.193541
vn 0.836164 -0.006368 -0.548442
vn -0.201923 0.075794 -0.976464
vn 0.236539 0.028409 -0.971207
vn 0.273219 0.000712 -0.961952
vn -0.167107 0.067288 -0.983640
vn 0.236539 0.028409 -0.971207
vn 0.585201 -0.005082 -0.810873
vn 0.589334 -0.056632 -0.805902
vn 0.273219 0.000712 -0.961952
vn -0.167107 0.067288 -0.983640
vn 0.273219 0.000712 -0.961952
vn 0.306638 -0.039944 -0.950988
vn -0.153771 0.008688 -0.988068
vn 0.273219 0.000712 -0.961952
vn 0.589334 -0.056632 -0.805902
vn 0.594082 -0.092134 -0.799110
vn 0.306638 -0.039944 -0.950988
vn 0.585201 -0.005082 -0.810873
vn 0.836164 -0.006368 -0.548442
vn 0.829347 -0.068111 -0.554568
vn 0.589334 -0.056632 -0.805902
vn 0.836164 -0.006368 -0.548442
vn 0.981092 -0.000762 -0.193541
vn 0.981133 -0.062458 -0.182965
vn 0.829347 -0.068111 -0.554568
vn 0.589334 -0.056632 -0.805902
vn 0.829347 -0.068111 -0.554568
vn 0.818430 -0.111620 -0.563661
vn 0.594082 -0.092134 -0.799110
vn 0.829347 -0.068111 -0.554568
vn 0.981133 -0.062458 -0.182965
vn 0.977342 -0.110201 -0.180715
vn 0.818430 -0.111620 -0.563661
vn -0.273358 0.076890 -0.958834
vn -0.241906 0.069899 -0.967779
vn -0.670048 0.099657 -0.735598
vn -0.698766 0.112098 -0.706512
vn -0.241906 0.069899 -0.967779
vn -0.201923 0.075794 -0.976464
vn -0.643481 0.095240 -0.759514
vn -0.670048 0.099657 -0.735598
vn -0.698766 0.112098 -0.706512
vn -0.670048 0.099657 -0.735598
vn -0.891694 0.119457 -0.436592
vn -0.905083 0.144142 -0.400060
vn -0.670048 0.099657 -0.735598
vn -0.643481 0.095240 -0.759514
vn -0.881445 0.089912 -0.463649
vn -0.891694 0.119457 -0.436592
vn -0.201923 0.075794 -0.976464
vn -0.167107 0.067288 -0.983640
vn -0.628017 0.079396 -0.774139
vn -0.643481 0.095240 -0.759514
vn -0.167107 0.067288 -0.983640
vn -0.153771 0.008688 -0.988068
vn -0.626074 0.021356 -0.779471
vn -0.628017 0.079396 -0.774139
vn -0.643481 0.095240 -0.759514
vn -0.628017 0.079396 -0.774139
vn -0.875691 0.058629 -0.479299
vn -0.881445 0.089912 -0.463649
vn -0.628017 0.079396 -0.774139
vn -0.626074 0.021356 -0.779471
vn -0.871706 0.023091 -0.489484
vn -0.875691 0.058629 -0.479299
vn -0.905083 0.144142 -0.400060
vn -0.891694 0.119457 -0.436592
vn -0.981853 0.132611 -0.135569
vn -0.980962 0.165705 -0.101272
vn -0.891694 0.119457 -0.436592
vn -0.881445 0.089912 -0.463649
vn -0.981354 0.088315 -0.170721
vn -0.981853 0.132611 -0.135569
vn -0.980962 0.165705 -0.101272
vn -0.981853 0.132611 -0.135569
vn -0.961839 0.131823 0.239768
vn -0.948945 0.167020 0.267597
vn -0.981853 0.132611 -0.135569
vn -0.981354 0.088315 -0.170721
vn -0.974438 0.087869 0.206762
vn -0.961839 0.131823 0.239768
vn -0.881445 0.089912 -0.463649
vn -0.875691 0.058629 -0.479299
vn -0.979497 0.044227 -0.196543
vn -0.981354 0.088315 -0.170721
vn -0.875691 0.058629 -0.479299
vn -0.871706 0.023091 -0.489484
vn -0.976963 0.023981 -0.212060
vn -0.979497 0.044227 -0.196543
vn -0.981354 0.088315 -0.170721
vn -0.979497 0.044227 -0.196543
vn -0.984047 0.043180 0.172588
vn -0.974438 0.087869 0.206762
vn -0.979497 0.044227 -0.196543
vn -0.976963 0.023981 -0.212060
vn -0.989097 0.026451 0.144871
vn -0.984047 0.043180 0.172588
vn -0.948945 0.167020 0.267597
vn -0.766676 0.152933 0.623554
vn -0.748038 0.174921 0.640189
vn -0.939181 0.190692 0.285614
vn -0.766676 0.152933 0.623554
vn -0.504660 0.135470 0.852623
vn -0.491575 0.158268 0.856332
vn -0.748038 0.174921 0.640189
vn -0.939181 0.190692 0.285614
vn -0.748038 0.174921 0.640189
vn -0.734912 0.193575 0.649949
vn -0.930168 0.217386 0.295855
vn -0.748038 0.174921 0.640189
vn -0.491575 0.158268 0.856332
vn -0.487947 0.164397 0.857252
vn -0.734912 0.193575 0.649949
vn -0.504660 0.135470 0.852623
vn -0.231527 0.115394 0.965960
vn -0.231881 0.135344 0.963283
vn -0.491575 0.158268 0.856332
vn -0.231527 0.115394 0.965960
vn 0.058104 0.097016 0.993585
vn 0.069798 0.113935 0.991033
vn -0.231881 0.135344 0.963283
vn -0.491575 0.158268 0.856332
vn -0.231881 0.135344 0.963283
vn -0.241240 0.136044 0.960883
vn -0.487947 0.164397 0.857252
vn -0.231881 0.135344 0.963283
vn 0.069798 0.113935 0.991033
vn 0.075360 0.109589 0.991116
vn -0.241240 0.136044 0.960883
vn -0.930168 0.217386 0.295855
vn -0.734912 0.193575 0.649949
vn -0.735020 0.192678 0.650093
vn -0.925795 0.227733 0.301732
vn -0.734912 0.193575 0.649949
vn -0.487947 0.164397 0.857252
vn -0.494194 0.151877 0.855982
vn -0.735020 0.192678 0.650093
vn -0.925795 0.227733 0.301732
vn -0.735020 0.192678 0.650093
vn -0.743798 0.167032 0.647198
vn -0.928988 0.203212 0.309333
vn -0.735020 0.192678 0.650093
vn -0.494194 0.151877 0.855982
vn -0.500870 0.126647 0.856207
vn -0.743798 0.167032 0.647198
vn -0.487947 0.164397 0.857252
vn -0.241240 0.136044 0.960883
vn -0.252767 0.119705 0.960094
vn -0.494194 0.151877 0.855982
vn -0.241240 0.136044 0.960883
vn 0.075360 0.109589 0.991116
vn 0.075101 0.090899 0.993024
vn -0.252767 0.119705 0.960094
vn -0.494194 0.151877 0.855982
vn -0.252767 0.119705 0.960094
vn -0.256376 0.097540 0.961643
vn -0.500870 0.126647 0.856207
vn -0.252767 0.119705 0.960094
vn 0.075101 0.090899 0.993024
vn 0.079063 0.071673 0.994290
vn -0.256376 0.097540 0.961643
vn -0.948945 0.167020 0.267597
vn -0.939181 0.190692 0.285614
vn -0.978351 0.192633 -0.075645
vn -0.980962 0.165705 -0.101272
vn -0.939181 0.190692 0.285614
vn -0.930168 0.217386 0.295855
vn -0.973914 0.219971 -0.055719
vn -0.978351 0.192633 -0.075645
vn -0.980962 0.165705 -0.101272
vn -0.978351 0.192633 -0.075645
vn -0.916567 0.170292 -0.361808
vn -0.905083 0.144142 -0.400060
vn -0.978351 0.192633 -0.075645
vn -0.973914 0.219971 -0.055719
vn -0.923718 0.202108 -0.325419
vn -0.916567 0.170292 -0.361808
vn -0.930168 0.217386 0.295855
vn -0.925795 0.227733 0.301732
vn -0.971503 0.234201 -0.036491
vn -0.973914 0.219971 -0.055719
vn -0.925795 0.227733 0.301732
vn -0.928988 0.203212 0.309333
vn -0.977152 0.211901 -0.016515
vn -0.971503 0.234201 -0.036491
vn -0.973914 0.219971 -0.055719
vn -0.971503 0.234201 -0.036491
vn -0.929780 0.222103 -0.293563
vn -0.923718 0.202108 -0.325419
vn -0.971503 0.234201 -0.036491
vn -0.977152 0.211901 -0.016515
vn -0.942117 0.202950 -0.266885
vn -0.929780 0.222103 -0.293563
vn -0.905083 0.144142 -0.400060
vn -0.916567 0.170292 -0.361808
vn -0.723273 0.135414 -0.677155
vn -0.698766 0.112098 -0.706512
vn -0.916567 0.170292 -0.361808
vn -0.923718 0.202108 -0.325419
vn -0.745323 0.171432 -0.644286
vn -0.723273 0.135414 -0.677155
vn -0.698766 0.112098 -0.706512
vn -0.723273 0.135414 -0.677155
vn -0.292414 0.095873 -0.951474
vn -0.273358 0.076890 -0.958834
vn -0.723273 0.135414 -0.677155
vn -0.745323 0.171432 -0.644286
vn -0.307901 0.124944 -0.943179
vn -0.292414 0.095873 -0.951474
vn -0.923718 0.202108 -0.325419
vn -0.929780 0.222103 -0.293563
vn -0.769004 0.198964 -0.607492
vn -0.745323 0.171432 -0.644286
vn -0.929780 0.222103 -0.293563
vn -0.942117 0.202950 -0.266885
vn -0.793338 0.189910 -0.578403
vn -0.769004 0.198964 -0.607492
vn -0.745323 0.171432 -0.644286
vn -0.769004 0.198964 -0.607492
vn -0.328702 0.150366 -0.932387
vn -0.307901 0.124944 -0.943179
vn -0.769004 0.198964 -0.607492
vn -0.793338 0.189910 -0.578403
vn -0.350387 0.154371 -0.923796
vn -0.328702 0.150366 -0.932387
vn -0.273358 0.076890 -0.958834
vn -0.292414 0.095873 -0.951474
vn 0.179024 0.064927 -0.981700
vn 0.184303 0.052698 -0.981456
vn -0.292414 0.095873 -0.951474
vn -0.307901 0.124944 -0.943179
vn 0.179293 0.082516 -0.980329
vn 0.179024 0.064927 -0.981700
vn 0.184303 0.052698 -0.981456
vn 0.179024 0.064927 -0.981700
vn 0.569070 0.050180 -0.820756
vn 0.564099 0.047578 -0.824335
vn 0.179024 0.064927 -0.981700
vn 0.179293 0.082516 -0.980329
vn 0.579029 0.056781 -0.813327
vn 0.569070 0.050180 -0.820756
vn -0.307901 0.124944 -0.943179
vn -0.328702 0.150366 -0.932387
vn 0.177485 0.097503 -0.979281
vn 0.179293 0.082516 -0.980329
vn -0.328702 0.150366 -0.932387
vn -0.350387 0.154371 -0.923796
vn 0.172405 0.100388 -0.979897
vn 0.177485 0.097503 -0.979281
vn 0.179293 0.082516 -0.980329
vn 0.177485 0.097503 -0.979281
vn 0.587244 0.062438 -0.806998
vn 0.579029 0.056781 -0.813327
vn 0.177485 0.097503 -0.979281
vn 0.172405 0.100388 -0.979897
vn 0.592244 0.057435 -0.803709
vn 0.587244 0.062438 -0.806998
vn 0.564099 0.047578 -0.824335
vn 0.569070 0.050180 -0.820756
vn 0.833030 0.049403 -0.551018
vn 0.829117 0.053024 -0.556555
vn 0.569070 0.050180 -0.820756
vn 0.579029 0.056781 -0.813327
vn 0.841822 0.050183 -0.537417
vn 0.833030 0.049403 -0.551018
vn 0.829117 0.053024 -0.556555
vn 0.833030 0.049403 -0.551018
vn 0.971997 0.059616 -0.227306
vn 0.971784 0.061368 -0.227751
vn 0.833030 0.049403 -0.551018
vn 0.841822 0.050183 -0.537417
vn 0.974523 0.060299 -0.216030
vn 0.971997 0.059616 -0.227306
vn 0.579029 0.056781 -0.813327
vn 0.587244 0.062438 -0.806998
vn 0.852210 0.049567 -0.520847
vn 0.841822 0.050183 -0.537417
vn 0.587244 0.062438 -0.806998
vn 0.592244 0.057435 -0.803709
vn 0.861612 0.037644 -0.506170
vn 0.852210 0.049567 -0.520847
vn 0.841822 0.050183 -0.537417
vn 0.852210 0.049567 -0.520847
vn 0.978118 0.056806 -0.200148
vn 0.974523 0.060299 -0.216030
vn 0.852210 0.049567 -0.520847
vn 0.861612 0.037644 -0.506170
vn 0.981810 0.039986 -0.185606
vn 0.978118 0.056806 -0.200148
vn 0.971784 0.061368 -0.227751
vn 0.971997 0.059616 -0.227306
vn 0.984523 0.076633 0.157616
vn 0.983758 0.070587 0.165041
vn 0.971997 0.059616 -0.227306
vn 0.974523 0.060299 -0.216030
vn 0.984087 0.077276 0.160003
vn 0.984523 0.076633 0.157616
vn 0.983758 0.070587 0.165041
vn 0.984523 0.076633 0.157616
vn 0.807351 0.097094 0.582028
vn 0.793643 0.084101 0.602543
vn 0.984523 0.076633 0.157616
vn 0.984087 0.077276 0.160003
vn 0.819169 0.092410 0.566059
vn 0.807351 0.097094 0.582028
vn 0.974523 0.060299 -0.216030
vn 0.978118 0.056806 -0.200148
vn 0.983862 0.068902 0.165133
vn 0.984087 0.077276 0.160003
vn 0.978118 0.056806 -0.200148
vn 0.981810 0.039986 -0.185606
vn 0.984983 0.045206 0.166629
vn 0.983862 0.068902 0.165133
vn 0.984087 0.077276 0.160003
vn 0.983862 0.068902 0.165133
vn 0.832017 0.075704 0.549560
vn 0.819169 0.092410 0.566059
vn 0.983862 0.068902 0.165133
vn 0.984983 0.045206 0.166629
vn 0.845610 0.045467 0.531861
vn 0.832017 0.075704 0.549560
vn 0.793643 0.084101 0.602543
vn 0.807351 0.097094 0.582028
vn 0.434715 0.105990 0.894309
vn 0.404767 0.090071 0.909973
vn 0.807351 0.097094 0.582028
vn 0.819169 0.092410 0.566059
vn 0.462636 0.097440 0.881177
vn 0.434715 0.105990 0.894309
vn 0.404767 0.090071 0.909973
vn 0.434715 0.105990 0.894309
vn 0.069798 0.113935 0.991033
vn 0.058104 0.097016 0.993585
vn 0.434715 0.105990 0.894309
vn 0.462636 0.097440 0.881177
vn 0.075360 0.109589 0.991116
vn 0.069798 0.113935 0.991033
vn 0.819169 0.092410 0.566059
vn 0.832017 0.075704 0.549560
vn 0.490345 0.076448 0.868169
vn 0.462636 0.097440 0.881177
vn 0.832017 0.075704 0.549560
vn 0.845610 0.045467 0.531861
vn 0.515827 0.050453 0.855206
vn 0.490345 0.076448 0.868169
vn 0.462636 0.097440 0.881177
vn 0.490345 0.076448 0.868169
vn 0.075101 0.090899 0.993024
vn 0.075360 0.109589 0.991116
vn 0.490345 0.076448 0.868169
vn 0.515827 0.050453 0.855206
vn 0.079063 0.071673 0.994290
vn 0.075101 0.090899 0.993024
vn 0.981810 0.039986 -0.185606
vn 0.984448 0.020189 -0.174511
vn 0.986960 0.019029 0.159839
vn 0.984983 0.045206 0.166629
vn 0.984448 0.020189 -0.174511
vn 0.985750 0.017669 -0.167287
vn 0.989986 0.016411 0.140210
vn 0.986960 0.019029 0.159839
vn 0.984983 0.045206 0.166629
vn 0.986960 0.019029 0.159839
vn 0.859743 0.008796 0.510651
vn 0.845610 0.045467 0.531861
vn 0.986960 0.019029 0.159839
vn 0.989986 0.016411 0.140210
vn 0.878490 -0.002693 0.477754
vn 0.859743 0.008796 0.510651
vn 0.985750 0.017669 -0.167287
vn 0.985777 0.015692 -0.167324
vn 0.994064 0.010237 0.108311
vn 0.989986 0.016411 0.140210
vn 0.985777 0.015692 -0.167324
vn 0.983931 -0.002035 -0.178540
vn 0.997233 -0.019443 0.071757
vn 0.994064 0.010237 0.108311
vn 0.989986 0.016411 0.140210
vn 0.994064 0.010237 0.108311
vn 0.901908 -0.011762 0.431769
vn 0.878490 -0.002693 0.477754
vn 0.994064 0.010237 0.108311
vn 0.997233 -0.019443 0.071757
vn 0.922524 -0.039177 0.383945
vn 0.901908 -0.011762 0.431769
vn 0.845610 0.045467 0.531861
vn 0.859743 0.008796 0.510651
vn 0.534995 0.012971 0.844756
vn 0.515827 0.050453 0.855206
vn 0.859743 0.008796 0.510651
vn 0.878490 -0.002693 0.477754
vn 0.560713 -0.010667 0.827941
vn 0.534995 0.012971 0.844756
vn 0.515827 0.050453 0.855206
vn 0.534995 0.012971 0.844756
vn 0.088504 0.043072 0.995144
vn 0.079063 0.071673 0.994290
vn 0.534995 0.012971 0.844756
vn 0.560713 -0.010667 0.827941
vn 0.106538 0.010653 0.994252
vn 0.088504 0.043072 0.995144
vn 0.878490 -0.002693 0.477754
vn 0.901908 -0.011762 0.431769
vn 0.601483 -0.022829 0.798559
vn 0.560713 -0.010667 0.827941
vn 0.901908 -0.011762 0.431769
vn 0.922524 -0.039177 0.383945
vn 0.643909 -0.042828 0.763903
vn 0.601483 -0.022829 0.798559
vn 0.560713 -0.010667 0.827941
vn 0.601483 -0.022829 0.798559
vn 0.139834 -0.006655 0.990153
vn 0.106538 0.010653 0.994252
vn 0.601483 -0.022829 0.798559
vn 0.643909 -0.042828 0.763903
vn 0.184005 -0.025169 0.982603
vn 0.139834 -0.006655 0.990153
vn -0.928988 0.203212 0.309333
vn -0.743798 0.167032 0.647198
vn -0.748478 0.137470 0.648755
vn -0.931299 0.169322 0.322508
vn -0.743798 0.167032 0.647198
vn -0.500870 0.126647 0.856207
vn -0.500343 0.098525 0.860203
vn -0.748478 0.137470 0.648755
vn -0.931299 0.169322 0.322508
vn -0.748478 0.137470 0.648755
vn -0.745154 0.104421 0.658666
vn -0.929221 0.137284 0.343078
vn -0.748478 0.137470 0.648755
vn -0.500343 0.098525 0.860203
vn -0.490652 0.068278 0.868676
vn -0.745154 0.104421 0.658666
vn -0.500870 0.126647 0.856207
vn -0.256376 0.097540 0.961643
vn -0.247229 0.071005 0.966352
vn -0.500343 0.098525 0.860203
vn -0.256376 0.097540 0.961643
vn 0.079063 0.071673 0.994290
vn 0.088504 0.043072 0.995144
vn -0.247229 0.071005 0.966352
vn -0.500343 0.098525 0.860203
vn -0.247229 0.071005 0.966352
vn -0.230873 0.039134 0.972196
vn -0.490652 0.068278 0.868676
vn -0.247229 0.071005 0.966352
vn 0.088504 0.043072 0.995144
vn 0.106538 0.010653 0.994252
vn -0.230873 0.039134 0.972196
vn -0.929221 0.137284 0.343078
vn -0.745154 0.104421 0.658666
vn -0.734555 0.074005 0.674501
vn -0.925093 0.115761 0.361667
vn -0.745154 0.104421 0.658666
vn -0.490652 0.068278 0.868676
vn -0.471966 0.038941 0.880756
vn -0.734555 0.074005 0.674501
vn -0.925093 0.115761 0.361667
vn -0.734555 0.074005 0.674501
vn -0.725550 0.052074 0.686197
vn -0.922946 0.109329 0.369077
vn -0.734555 0.074005 0.674501
vn -0.471966 0.038941 0.880756
vn -0.449059 0.009596 0.893451
vn -0.725550 0.052074 0.686197
vn -0.490652 0.068278 0.868676
vn -0.230873 0.039134 0.972196
vn -0.209493 0.015868 0.977681
vn -0.471966 0.038941 0.880756
vn -0.230873 0.039134 0.972196
vn 0.106538 0.010653 0.994252
vn 0.139834 -0.006655 0.990153
vn -0.209493 0.015868 0.977681
vn -0.471966 0.038941 0.880756
vn -0.209493 0.015868 0.977681
vn -0.179031 -0.008581 0.983806
vn -0.449059 0.009596 0.893451
vn -0.209493 0.015868 0.977681
vn 0.139834 -0.006655 0.990153
vn 0.184005 -0.025169 0.982603
vn -0.179031 -0.008581 0.983806
vn -0.350387 0.154371 -0.923796
vn -0.369059 0.144156 -0.918158
vn 0.159266 0.089904 -0.983134
vn 0.172405 0.100388 -0.979897
vn -0.369059 0.144156 -0.918158
vn -0.397653 0.124927 -0.908992
vn 0.127128 0.065303 -0.989734
vn 0.159266 0.089904 -0.983134
vn 0.172405 0.100388 -0.979897
vn 0.159266 0.089904 -0.983134
vn 0.591395 0.040360 -0.805372
vn 0.592244 0.057435 -0.803709
vn 0.159266 0.089904 -0.983134
vn 0.127128 0.065303 -0.989734
vn 0.582871 0.015644 -0.812415
vn 0.591395 0.040360 -0.805372
vn -0.397653 0.124927 -0.908992
vn -0.448382 0.111372 -0.886876
vn 0.078510 0.044228 -0.995932
vn 0.127128 0.065303 -0.989734
vn -0.448382 0.111372 -0.886876
vn -0.502393 0.083778 -0.860571
vn 0.043509 0.034968 -0.998441
vn 0.078510 0.044228 -0.995932
vn 0.127128 0.065303 -0.989734
vn 0.078510 0.044228 -0.995932
vn 0.573048 0.001358 -0.819521
vn 0.582871 0.015644 -0.812415
vn 0.078510 0.044228 -0.995932
vn 0.043509 0.034968 -0.998441
vn 0.571248 0.012976 -0.820675
vn 0.573048 0.001358 -0.819521
vn 0.592244 0.057435 -0.803709
vn 0.591395 0.040360 -0.805372
vn 0.869454 0.018177 -0.493680
vn 0.861612 0.037644 -0.506170
vn 0.591395 0.040360 -0.805372
vn 0.582871 0.015644 -0.812415
vn 0.876399 0.004708 -0.481563
vn 0.869454 0.018177 -0.493680
vn 0.861612 0.037644 -0.506170
vn 0.869454 0.018177 -0.493680
vn 0.984448 0.020189 -0.174511
vn 0.981810 0.039986 -0.185606
vn 0.869454 0.018177 -0.493680
vn 0.876399 0.004708 -0.481563
vn 0.985750 0.017669 -0.167287
vn 0.984448 0.020189 -0.174511
vn 0.582871 0.015644 -0.812415
vn 0.573048 0.001358 -0.819521
vn 0.882582 0.002119 -0.470155
vn 0.876399 0.004708 -0.481563
vn 0.573048 0.001358 -0.819521
vn 0.571248 0.012976 -0.820675
vn 0.886029 0.005376 -0.463600
vn 0.882582 0.002119 -0.470155
vn 0.876399 0.004708 -0.481563
vn 0.882582 0.002119 -0.470155
vn 0.985777 0.015692 -0.167324
vn 0.985750 0.017669 -0.167287
vn 0.882582 0.002119 -0.470155
vn 0.886029 0.005376 -0.463600
vn 0.983931 -0.002035 -0.178540
vn 0.985777 0.015692 -0.167324
vn -0.928988 0.203212 0.309333
vn -0.931299 0.169322 0.322508
vn -0.984721 0.173870 0.009690
vn -0.977152 0.211901 -0.016515
vn -0.931299 0.169322 0.322508
vn -0.929221 0.137284 0.343078
vn -0.987881 0.150456 0.038138
vn -0.984721 0.173870 0.009690
vn -0.977152 0.211901 -0.016515
vn -0.984721 0.173870 0.009690
vn -0.955776 0.166617 -0.242344
vn -0.942117 0.202950 -0.266885
vn -0.984721 0.173870 0.009690
vn -0.987881 0.150456 0.038138
vn -0.964565 0.150307 -0.216846
vn -0.955776 0.166617 -0.242344
vn -0.929221 0.137284 0.343078
vn -0.925093 0.115761 0.361667
vn -0.987864 0.143269 0.059992
vn -0.987881 0.150456 0.038138
vn -0.925093 0.115761 0.361667
vn -0.922946 0.109329 0.369077
vn -0.986725 0.145054 0.073026
vn -0.987864 0.143269 0.059992
vn -0.987881 0.150456 0.038138
vn -0.987864 0.143269 0.059992
vn -0.970038 0.152346 -0.189252
vn -0.964565 0.150307 -0.216846
vn -0.987864 0.143269 0.059992
vn -0.986725 0.145054 0.073026
vn -0.974730 0.150961 -0.164659
vn -0.970038 0.152346 -0.189252
vn -0.942117 0.202950 -0.266885
vn -0.955776 0.166617 -0.242344
vn -0.811015 0.165454 -0.561141
vn -0.793338 0.189910 -0.578403
vn -0.955776 0.166617 -0.242344
vn -0.964565 0.150307 -0.216846
vn -0.825466 0.149670 -0.544247
vn -0.811015 0.165454 -0.561141
vn -0.793338 0.189910 -0.578403
vn -0.811015 0.165454 -0.561141
vn -0.369059 0.144156 -0.918158
vn -0.350387 0.154371 -0.923796
vn -0.811015 0.165454 -0.561141
vn -0.825466 0.149670 -0.544247
vn -0.397653 0.124927 -0.908992
vn -0.369059 0.144156 -0.918158
vn -0.964565 0.150307 -0.216846
vn -0.970038 0.152346 -0.189252
vn -0.846150 0.149262 -0.511615
vn -0.825466 0.149670 -0.544247
vn -0.970038 0.152346 -0.189252
vn -0.974730 0.150961 -0.164659
vn -0.871456 0.133574 -0.471935
vn -0.846150 0.149262 -0.511615
vn -0.825466 0.149670 -0.544247
vn -0.846150 0.149262 -0.511615
vn -0.448382 0.111372 -0.886876
vn -0.397653 0.124927 -0.908992
vn -0.846150 0.149262 -0.511615
vn -0.871456 0.133574 -0.471935
vn -0.502393 0.083778 -0.860571
vn -0.448382 0.111372 -0.886876
vn -0.952295 0.290925 -0.092178
vn -0.947158 0.301835 -0.108572
vn -0.915956 0.260893 -0.304892
vn -0.938941 0.230747 -0.255236
vn -0.947158 0.301835 -0.108572
vn -0.950121 0.279935 -0.137499
vn -0.917177 0.258543 -0.303220
vn -0.915956 0.260893 -0.304892
vn -0.938941 0.230747 -0.255236
vn -0.915956 0.260893 -0.304892
vn -0.873184 0.207804 -0.440871
vn -0.899998 0.171094 -0.400913
vn -0.915956 0.260893 -0.304892
vn -0.917177 0.258543 -0.303220
vn -0.861866 0.225130 -0.454426
vn -0.873184 0.207804 -0.440871
vn -0.950121 0.279935 -0.137499
vn -0.936947 0.305848 -0.169080
vn -0.900090 0.289018 -0.326046
vn -0.917177 0.258543 -0.303220
vn -0.936947 0.305848 -0.169080
vn -0.883759 0.410375 -0.224860
vn -0.847428 0.384483 -0.366112
vn -0.900090 0.289018 -0.326046
vn -0.917177 0.258543 -0.303220
vn -0.900090 0.289018 -0.326046
vn -0.831370 0.270052 -0.485692
vn -0.861866 0.225130 -0.454426
vn -0.900090 0.289018 -0.326046
vn -0.847428 0.384483 -0.366112
vn -0.777455 0.344839 -0.525975
vn -0.831370 0.270052 -0.485692
vn -0.899998 0.171094 -0.400913
vn -0.873184 0.207804 -0.440871
vn -0.778982 0.116530 -0.616123
vn -0.799325 0.061589 -0.597734
vn -0.873184 0.207804 -0.440871
vn -0.861866 0.225130 -0.454426
vn -0.761416 0.151903 -0.630215
vn -0.778982 0.116530 -0.616123
vn -0.799325 0.061589 -0.597734
vn -0.778982 0.116530 -0.616123
vn -0.420137 -0.124368 -0.898898
vn -0.434557 -0.180026 -0.882469
vn -0.778982 0.116530 -0.616123
vn -0.761416 0.151903 -0.630215
vn -0.406151 -0.054061 -0.912205
vn -0.420137 -0.124368 -0.898898
vn -0.861866 0.225130 -0.454426
vn -0.831370 0.270052 -0.485692
vn -0.727306 0.209893 -0.653430
vn -0.761416 0.151903 -0.630215
vn -0.831370 0.270052 -0.485692
vn -0.777455 0.344839 -0.525975
vn -0.690513 0.257375 -0.675981
vn -0.727306 0.209893 -0.653430
vn -0.761416 0.151903 -0.630215
vn -0.727306 0.209893 -0.653430
vn -0.370910 0.030209 -0.928177
vn -0.406151 -0.054061 -0.912205
vn -0.727306 0.209893 -0.653430
vn -0.690513 0.257375 -0.675981
vn -0.359684 0.053906 -0.931516
vn -0.370910 0.030209 -0.928177
vn -0.952295 0.290925 -0.092178
vn -0.961611 0.270886 0.043868
vn -0.956385 0.288121 0.048098
vn -0.947158 0.301835 -0.108572
vn -0.961611 0.270886 0.043868
vn -0.955947 0.253038 0.148784
vn -0.949306 0.270095 0.160833
vn -0.956385 0.288121 0.048098
vn -0.947158 0.301835 -0.108572
vn -0.956385 0.288121 0.048098
vn -0.964925 0.262035 0.016047
vn -0.950121 0.279935 -0.137499
vn -0.956385 0.288121 0.048098
vn -0.949306 0.270095 0.160833
vn -0.957001 0.250358 0.146530
vn -0.964925 0.262035 0.016047
vn -0.955947 0.253038 0.148784
vn -0.919979 0.219712 0.324600
vn -0.906909 0.235640 0.349271
vn -0.949306 0.270095 0.160833
vn -0.919979 0.219712 0.324600
vn -0.766962 0.126685 0.629063
vn -0.727051 0.150705 0.669840
vn -0.906909 0.235640 0.349271
vn -0.949306 0.270095 0.160833
vn -0.906909 0.235640 0.349271
vn -0.904176 0.223016 0.364322
vn -0.957001 0.250358 0.146530
vn -0.906909 0.235640 0.349271
vn -0.727051 0.150705 0.669840
vn -0.689947 0.142730 0.709648
vn -0.904176 0.223016 0.364322
vn -0.950121 0.279935 -0.137499
vn -0.964925 0.262035 0.016047
vn -0.962546 0.270910 -0.010609
vn -0.936947 0.305848 -0.169080
vn -0.964925 0.262035 0.016047
vn -0.957001 0.250358 0.146530
vn -0.951498 0.270162 0.147188
vn -0.962546 0.270910 -0.010609
vn -0.936947 0.305848 -0.169080
vn -0.962546 0.270910 -0.010609
vn -0.937670 0.345872 -0.033863
vn -0.883759 0.410375 -0.224860
vn -0.962546 0.270910 -0.010609
vn -0.951498 0.270162 0.147188
vn -0.921729 0.355428 0.155200
vn -0.937670 0.345872 -0.033863
vn -0.957001 0.250358 0.146530
vn -0.904176 0.223016 0.364322
vn -0.891380 0.249922 0.378128
vn -0.951498 0.270162 0.147188
vn -0.904176 0.223016 0.364322
vn -0.689947 0.142730 0.709648
vn -0.635106 0.163892 0.754837
vn -0.891380 0.249922 0.378128
vn -0.951498 0.270162 0.147188
vn -0.891380 0.249922 0.378128
vn -0.864631 0.331927 0.377144
vn -0.921729 0.355428 0.155200
vn -0.891380 0.249922 0.378128
vn -0.635106 0.163892 0.754837
vn -0.598784 0.182784 0.779774
vn -0.864631 0.331927 0.377144
vn 0.944122 -0.309359 -0.113713
vn 0.816672 -0.418555 -0.397313
vn 0.849861 -0.326568 -0.413630
vn 0.968845 -0.232859 -0.084357
vn 0.816672 -0.418555 -0.397313
vn 0.533465 -0.470436 -0.702926
vn 0.561939 -0.396439 -0.725989
vn 0.849861 -0.326568 -0.413630
vn 0.968845 -0.232859 -0.084357
vn 0.849861 -0.326568 -0.413630
vn 0.895358 -0.295708 -0.333003
vn 0.977145 -0.208741 -0.040184
vn 0.849861 -0.326568 -0.413630
vn 0.561939 -0.396439 -0.725989
vn 0.624404 -0.351704 -0.697441
vn 0.895358 -0.295708 -0.333003
vn 0.533465 -0.470436 -0.702926
vn 0.119942 -0.397261 -0.909834
vn 0.138192 -0.349152 -0.926820
vn 0.561939 -0.396439 -0.725989
vn 0.119942 -0.397261 -0.909834
vn -0.434557 -0.180026 -0.882469
vn -0.420137 -0.124368 -0.898898
vn 0.138192 -0.349152 -0.926820
vn 0.561939 -0.396439 -0.725989
vn 0.138192 -0.349152 -0.926820
vn 0.179699 -0.281030 -0.942725
vn 0.624404 -0.351704 -0.697441
vn 0.138192 -0.349152 -0.926820
vn -0.420137 -0.124368 -0.898898
vn -0.406151 -0.054061 -0.912205
vn 0.179699 -0.281030 -0.942725
vn 0.977145 -0.208741 -0.040184
vn 0.895358 -0.295708 -0.333003
vn 0.923636 -0.283942 -0.257436
vn 0.974688 -0.223558 0.002170
vn 0.895358 -0.295708 -0.333003
vn 0.624404 -0.351704 -0.697441
vn 0.671588 -0.320335 -0.668098
vn 0.923636 -0.283942 -0.257436
vn 0.974688 -0.223558 0.002170
vn 0.923636 -0.283942 -0.257436
vn 0.937695 -0.301348 -0.172969
vn 0.969269 -0.241398 0.047380
vn 0.923636 -0.283942 -0.257436
vn 0.671588 -0.320335 -0.668098
vn 0.711703 -0.345636 -0.611568
vn 0.937695 -0.301348 -0.172969
vn 0.624404 -0.351704 -0.697441
vn 0.179699 -0.281030 -0.942725
vn 0.212765 -0.211288 -0.953985
vn 0.671588 -0.320335 -0.668098
vn 0.179699 -0.281030 -0.942725
vn -0.406151 -0.054061 -0.912205
vn -0.370910 0.030209 -0.928177
vn 0.212765 -0.211288 -0.953985
vn 0.671588 -0.320335 -0.668098
vn 0.212765 -0.211288 -0.953985
vn 0.212342 -0.221879 -0.951672
vn 0.711703 -0.345636 -0.611568
vn 0.212765 -0.211288 -0.953985
vn -0.370910 0.030209 -0.928177
vn -0.359684 0.053906 -0.931516
vn 0.212342 -0.221879 -0.951672
vn 0.978415 -0.205247 0.024025
vn 0.966489 -0.146478 -0.210816
vn 0.962114 -0.254801 -0.097019
vn 0.965714 -0.256839 0.037818
vn 0.966489 -0.146478 -0.210816
vn 0.881606 -0.055789 -0.468678
vn 0.938981 -0.181186 -0.292379
vn 0.962114 -0.254801 -0.097019
vn 0.965714 -0.256839 0.037818
vn 0.962114 -0.254801 -0.097019
vn 0.967931 -0.244553 0.057477
vn 0.965014 -0.252851 0.069383
vn 0.962114 -0.254801 -0.097019
vn 0.938981 -0.181186 -0.292379
vn 0.978785 -0.201180 0.038806
vn 0.967931 -0.244553 0.057477
vn 0.881606 -0.055789 -0.468678
vn 0.727236 0.025051 -0.685930
vn 0.942362 -0.155715 -0.296154
vn 0.938981 -0.181186 -0.292379
vn 0.727236 0.025051 -0.685930
vn 0.694800 -0.026671 -0.718708
vn 0.946673 -0.215793 -0.239255
vn 0.942362 -0.155715 -0.296154
vn 0.938981 -0.181186 -0.292379
vn 0.942362 -0.155715 -0.296154
vn 0.978389 -0.201668 0.045670
vn 0.978785 -0.201180 0.038806
vn 0.942362 -0.155715 -0.296154
vn 0.946673 -0.215793 -0.239255
vn 0.953286 -0.300352 0.032154
vn 0.978389 -0.201668 0.045670
vn 0.965014 -0.252851 0.069383
vn 0.967931 -0.244553 0.057477
vn 0.966401 -0.231922 0.110820
vn 0.964027 -0.244536 0.104183
vn 0.967931 -0.244553 0.057477
vn 0.978785 -0.201180 0.038806
vn 0.976423 -0.184369 0.112275
vn 0.966401 -0.231922 0.110820
vn 0.964027 -0.244536 0.104183
vn 0.966401 -0.231922 0.110820
vn 0.974688 -0.223558 0.002170
vn 0.969269 -0.241398 0.047380
vn 0.966401 -0.231922 0.110820
vn 0.976423 -0.184369 0.112275
vn 0.977145 -0.208741 -0.040184
vn 0.974688 -0.223558 0.002170
vn 0.978785 -0.201180 0.038806
vn 0.978389 -0.201668 0.045670
vn 0.975110 -0.197757 0.100260
vn 0.976423 -0.184369 0.112275
vn 0.978389 -0.201668 0.045670
vn 0.953286 -0.300352 0.032154
vn 0.944236 -0.327733 0.031785
vn 0.975110 -0.197757 0.100260
vn 0.976423 -0.184369 0.112275
vn 0.975110 -0.197757 0.100260
vn 0.968845 -0.232859 -0.084357
vn 0.977145 -0.208741 -0.040184
vn 0.975110 -0.197757 0.100260
vn 0.944236 -0.327733 0.031785
vn 0.944122 -0.309359 -0.113713
vn 0.968845 -0.232859 -0.084357
vn -0.689947 0.142730 0.709648
vn -0.346406 0.056635 0.936373
vn -0.180084 0.062194 0.981683
vn -0.635106 0.163892 0.754837
vn -0.346406 0.056635 0.936373
vn -0.045804 -0.021010 0.998729
vn 0.176056 -0.017630 0.984222
vn -0.180084 0.062194 0.981683
vn -0.635106 0.163892 0.754837
vn -0.180084 0.062194 0.981683
vn -0.070351 -0.003320 0.997517
vn -0.598784 0.182784 0.779774
vn -0.180084 0.062194 0.981683
vn 0.176056 -0.017630 0.984222
vn 0.677743 -0.186591 0.711230
vn -0.070351 -0.003320 0.997517
vn 0.454706 -0.465277 -0.759447
vn 0.517916 -0.731862 -0.442879
vn 0.689433 -0.645028 -0.329577
vn 0.612257 -0.400438 -0.681756
vn 0.517916 -0.731862 -0.442879
vn 0.500819 -0.860172 -0.096354
vn 0.637715 -0.767591 0.064207
vn 0.689433 -0.645028 -0.329577
vn 0.612257 -0.400438 -0.681756
vn 0.689433 -0.645028 -0.329577
vn 0.864704 -0.461905 -0.197306
vn 0.880957 -0.316245 -0.351999
vn 0.689433 -0.645028 -0.329577
vn 0.637715 -0.767591 0.064207
vn 0.800017 -0.579682 0.154727
vn 0.864704 -0.461905 -0.197306
vn 0.500819 -0.860172 -0.096354
vn 0.350629 -0.889586 0.292740
vn 0.421441 -0.772199 0.475496
vn 0.637715 -0.767591 0.064207
vn 0.350629 -0.889586 0.292740
vn 0.097290 -0.750962 0.653139
vn 0.087481 -0.610084 0.787492
vn 0.421441 -0.772199 0.475496
vn 0.637715 -0.767591 0.064207
vn 0.421441 -0.772199 0.475496
vn 0.566659 -0.591541 0.573566
vn 0.800017 -0.579682 0.154727
vn 0.421441 -0.772199 0.475496
vn 0.087481 -0.610084 0.787492
vn 0.211451 -0.462888 0.860827
vn 0.566659 -0.591541 0.573566
vn 0.880957 -0.316245 -0.351999
vn 0.864704 -0.461905 -0.197306
vn 0.966405 -0.244216 -0.080127
vn 0.952430 -0.190433 -0.237933
vn 0.864704 -0.461905 -0.197306
vn 0.800017 -0.579682 0.154727
vn 0.918639 -0.317224 0.235524
vn 0.966405 -0.244216 -0.080127
vn 0.952430 -0.190433 -0.237933
vn 0.966405 -0.244216 -0.080127
vn 0.994162 -0.107680 -0.006830
vn 0.972854 -0.084152 -0.215579
vn 0.966405 -0.244216 -0.080127
vn 0.918639 -0.317224 0.235524
vn 0.945783 -0.133167 0.296244
vn 0.994162 -0.107680 -0.006830
vn 0.800017 -0.579682 0.154727
vn 0.566659 -0.591541 0.573566
vn 0.689428 -0.319220 0.650222
vn 0.918639 -0.317224 0.235524
vn 0.566659 -0.591541 0.573566
vn 0.211451 -0.462888 0.860827
vn 0.303237 -0.245753 0.920681
vn 0.689428 -0.319220 0.650222
vn 0.918639 -0.317224 0.235524
vn 0.689428 -0.319220 0.650222
vn 0.709233 -0.123480 0.694076
vn 0.945783 -0.133167 0.296244
vn 0.689428 -0.319220 0.650222
vn 0.303237 -0.245753 0.920681
vn 0.292852 -0.090889 0.951828
vn 0.709233 -0.123480 0.694076
vn -0.504809 0.663452 -0.552267
vn -0.292828 0.782809 -0.549056
vn -0.349366 0.908028 -0.231145
vn -0.561203 0.788789 -0.250724
vn -0.292828 0.782809 -0.549056
vn -0.164577 0.837635 -0.520847
vn -0.228498 0.957270 -0.177263
vn -0.349366 0.908028 -0.231145
vn -0.561203 0.788789 -0.250724
vn -0.349366 0.908028 -0.231145
vn -0.373405 0.907672 0.191571
vn -0.551100 0.811765 0.193198
vn -0.349366 0.908028 -0.231145
vn -0.228498 0.957270 -0.177263
vn -0.234347 0.940828 0.244795
vn -0.373405 0.907672 0.191571
vn -0.164577 0.837635 -0.520847
vn 0.016013 0.891612 -0.452518
vn -0.045486 0.992086 -0.117031
vn -0.228498 0.957270 -0.177263
vn 0.016013 0.891612 -0.452518
vn 0.446461 0.813496 -0.372688
vn 0.495320 0.862703 -0.101986
vn -0.045486 0.992086 -0.117031
vn -0.228498 0.957270 -0.177263
vn -0.045486 0.992086 -0.117031
vn -0.014993 0.951657 0.306797
vn -0.234347 0.940828 0.244795
vn -0.045486 0.992086 -0.117031
vn 0.495320 0.862703 -0.101986
vn 0.562526 0.732004 0.384362
vn -0.014993 0.951657 0.306797
vn -0.551100 0.811765 0.193198
vn -0.373405 0.907672 0.191571
vn -0.306807 0.731073 0.609428
vn -0.427990 0.651796 0.626089
vn -0.373405 0.907672 0.191571
vn -0.234347 0.940828 0.244795
vn -0.171702 0.751439 0.637070
vn -0.306807 0.731073 0.609428
vn -0.427990 0.651796 0.626089
vn -0.306807 0.731073 0.609428
vn -0.185445 0.431449 0.882871
vn -0.253556 0.394857 0.883062
vn -0.306807 0.731073 0.609428
vn -0.171702 0.751439 0.637070
vn -0.064008 0.424244 0.903283
vn -0.185445 0.431449 0.882871
vn -0.234347 0.940828 0.244795
vn -0.014993 0.951657 0.306797
vn 0.062157 0.691850 0.719361
vn -0.171702 0.751439 0.637070
vn -0.014993 0.951657 0.306797
vn 0.562526 0.732004 0.384362
vn 0.358100 0.418535 0.834621
vn 0.062157 0.691850 0.719361
vn -0.171702 0.751439 0.637070
vn 0.062157 0.691850 0.719361
vn 0.105394 0.344220 0.932955
vn -0.064008 0.424244 0.903283
vn 0.062157 0.691850 0.719361
vn 0.358100 0.418535 0.834621
vn 0.172637 0.197652 0.964951
vn 0.105394 0.344220 0.932955
vn 0.410373 0.258794 -0.874425
vn 0.640302 0.402643 -0.654135
vn 0.677600 0.459873 -0.573912
vn 0.568531 0.247374 -0.784589
vn 0.640302 0.402643 -0.654135
vn 0.903824 0.223732 -0.364754
vn 0.830767 0.447191 -0.331431
vn 0.677600 0.459873 -0.573912
vn 0.568531 0.247374 -0.784589
vn 0.677600 0.459873 -0.573912
vn 0.454399 0.637748 -0.621932
vn 0.470651 0.317311 -0.823287
vn 0.677600 0.459873 -0.573912
vn 0.830767 0.447191 -0.331431
vn 0.446461 0.813496 -0.372688
vn 0.454399 0.637748 -0.621932
vn 0.126601 -0.346694 -0.929395
vn 0.023439 -0.454366 -0.890507
vn -0.081231 -0.060251 -0.994873
vn -0.094368 -0.021183 -0.995312
vn 0.023439 -0.454366 -0.890507
vn 0.162921 -0.479031 -0.862546
vn 0.084028 -0.100681 -0.991364
vn -0.081231 -0.060251 -0.994873
vn -0.094368 -0.021183 -0.995312
vn -0.081231 -0.060251 -0.994873
vn -0.175103 0.326599 -0.928801
vn -0.282915 0.271479 -0.919923
vn -0.081231 -0.060251 -0.994873
vn 0.084028 -0.100681 -0.991364
vn -0.004271 0.332551 -0.943076
vn -0.175103 0.326599 -0.928801
vn 0.162921 -0.479031 -0.862546
vn 0.347828 -0.472449 -0.809819
vn 0.307691 -0.104611 -0.945718
vn 0.084028 -0.100681 -0.991364
vn 0.347828 -0.472449 -0.809819
vn 0.415890 -0.464208 -0.782015
vn 0.456499 -0.079082 -0.886203
vn 0.307691 -0.104611 -0.945718
vn 0.084028 -0.100681 -0.991364
vn 0.307691 -0.104611 -0.945718
vn 0.233329 0.337421 -0.911978
vn -0.004271 0.332551 -0.943076
vn 0.307691 -0.104611 -0.945718
vn 0.456499 -0.079082 -0.886203
vn 0.470651 0.317311 -0.823287
vn 0.233329 0.337421 -0.911978
vn -0.282915 0.271479 -0.919923
vn -0.175103 0.326599 -0.928801
vn -0.241262 0.599220 -0.763367
vn -0.416030 0.495474 -0.762513
vn -0.175103 0.326599 -0.928801
vn -0.004271 0.332551 -0.943076
vn -0.087084 0.647953 -0.756685
vn -0.241262 0.599220 -0.763367
vn -0.416030 0.495474 -0.762513
vn -0.241262 0.599220 -0.763367
vn -0.292828 0.782809 -0.549056
vn -0.504809 0.663452 -0.552267
vn -0.241262 0.599220 -0.763367
vn -0.087084 0.647953 -0.756685
vn -0.164577 0.837635 -0.520847
vn -0.292828 0.782809 -0.549056
vn -0.004271 0.332551 -0.943076
vn 0.233329 0.337421 -0.911978
vn 0.123589 0.695791 -0.707532
vn -0.087084 0.647953 -0.756685
vn 0.233329 0.337421 -0.911978
vn 0.470651 0.317311 -0.823287
vn 0.454399 0.637748 -0.621932
vn 0.123589 0.695791 -0.707532
vn -0.087084 0.647953 -0.756685
vn 0.123589 0.695791 -0.707532
vn 0.016013 0.891612 -0.452518
vn -0.164577 0.837635 -0.520847
vn 0.123589 0.695791 -0.707532
vn 0.454399 0.637748 -0.621932
vn 0.446461 0.813496 -0.372688
vn 0.016013 0.891612 -0.452518
vn 0.170231 -0.845166 0.506671
vn 0.318708 -0.801433 0.506093
vn 0.213327 -0.484509 0.848377
vn 0.098374 -0.522237 0.847108
vn 0.318708 -0.801433 0.506093
vn 0.296513 -0.825281 0.480616
vn 0.200868 -0.536960 0.819345
vn 0.213327 -0.484509 0.848377
vn 0.098374 -0.522237 0.847108
vn 0.213327 -0.484509 0.848377
vn 0.139688 -0.206420 0.968441
vn 0.079055 -0.246061 0.966025
vn 0.213327 -0.484509 0.848377
vn 0.200868 -0.536960 0.819345
vn 0.089625 -0.205254 0.974596
vn 0.139688 -0.206420 0.968441
vn 0.296513 -0.825281 0.480616
vn 0.288703 -0.828099 0.480523
vn 0.197114 -0.574142 0.794674
vn 0.200868 -0.536960 0.819345
vn 0.288703 -0.828099 0.480523
vn 0.558130 -0.664057 0.497513
vn 0.418481 -0.460361 0.782906
vn 0.197114 -0.574142 0.794674
vn 0.200868 -0.536960 0.819345
vn 0.197114 -0.574142 0.794674
vn 0.042352 -0.212402 0.976264
vn 0.089625 -0.205254 0.974596
vn 0.197114 -0.574142 0.794674
vn 0.418481 -0.460361 0.782906
vn 0.165480 -0.163176 0.972620
vn 0.042352 -0.212402 0.976264
vn 0.079055 -0.246061 0.966025
vn 0.139688 -0.206420 0.968441
vn 0.118725 0.041469 0.992061
vn 0.098809 -0.024923 0.994794
vn 0.139688 -0.206420 0.968441
vn 0.089625 -0.205254 0.974596
vn 0.015175 0.102996 0.994566
vn 0.118725 0.041469 0.992061
vn 0.098809 -0.024923 0.994794
vn 0.118725 0.041469 0.992061
vn 0.105394 0.344220 0.932955
vn 0.172637 0.197652 0.964951
vn 0.118725 0.041469 0.992061
vn 0.015175 0.102996 0.994566
vn -0.064008 0.424244 0.903283
vn 0.105394 0.344220 0.932955
vn 0.089625 -0.205254 0.974596
vn 0.042352 -0.212402 0.976264
vn -0.082859 0.130715 0.987951
vn 0.015175 0.102996 0.994566
vn 0.042352 -0.212402 0.976264
vn 0.165480 -0.163176 0.972620
vn -0.077171 0.139173 0.987257
vn -0.082859 0.130715 0.987951
vn 0.015175 0.102996 0.994566
vn -0.082859 0.130715 0.987951
vn -0.185445 0.431449 0.882871
vn -0.064008 0.424244 0.903283
vn -0.082859 0.130715 0.987951
vn -0.077171 0.139173 0.987257
vn -0.253556 0.394857 0.883062
vn -0.185445 0.431449 0.882871
vn 0.558130 -0.664057 0.497513
vn 0.288703 -0.828099 0.480523
vn 0.284060 -0.956246 0.070031
vn 0.578831 -0.807613 0.112768
vn 0.288703 -0.828099 0.480523
vn 0.296513 -0.825281 0.480616
vn 0.308040 -0.950401 0.043005
vn 0.284060 -0.956246 0.070031
vn 0.578831 -0.807613 0.112768
vn 0.284060 -0.956246 0.070031
vn 0.201411 -0.908057 -0.367241
vn 0.467674 -0.802424 -0.370671
vn 0.284060 -0.956246 0.070031
vn 0.308040 -0.950401 0.043005
vn 0.264336 -0.896393 -0.355818
vn 0.201411 -0.908057 -0.367241
vn 0.296513 -0.825281 0.480616
vn 0.318708 -0.801433 0.506093
vn 0.357606 -0.932761 0.045559
vn 0.308040 -0.950401 0.043005
vn 0.318708 -0.801433 0.506093
vn 0.170231 -0.845166 0.506671
vn 0.256242 -0.965976 0.035081
vn 0.357606 -0.932761 0.045559
vn 0.308040 -0.950401 0.043005
vn 0.357606 -0.932761 0.045559
vn 0.349274 -0.882078 -0.316142
vn 0.264336 -0.896393 -0.355818
vn 0.357606 -0.932761 0.045559
vn 0.256242 -0.965976 0.035081
vn 0.309707 -0.891758 -0.329923
vn 0.349274 -0.882078 -0.316142
vn 0.467674 -0.802424 -0.370671
vn 0.201411 -0.908057 -0.367241
vn 0.108927 -0.724007 -0.681138
vn 0.303209 -0.615875 -0.727160
vn 0.201411 -0.908057 -0.367241
vn 0.264336 -0.896393 -0.355818
vn 0.215259 -0.731086 -0.647438
vn 0.108927 -0.724007 -0.681138
vn 0.303209 -0.615875 -0.727160
vn 0.108927 -0.724007 -0.681138
vn 0.023439 -0.454366 -0.890507
vn 0.126601 -0.346694 -0.929395
vn 0.108927 -0.724007 -0.681138
vn 0.215259 -0.731086 -0.647438
vn 0.162921 -0.479031 -0.862546
vn 0.023439 -0.454366 -0.890507
vn 0.264336 -0.896393 -0.355818
vn 0.349274 -0.882078 -0.316142
vn 0.348933 -0.730989 -0.586430
vn 0.215259 -0.731086 -0.647438
vn 0.349274 -0.882078 -0.316142
vn 0.309707 -0.891758 -0.329923
vn 0.357098 -0.734926 -0.576511
vn 0.348933 -0.730989 -0.586430
vn 0.215259 -0.731086 -0.647438
vn 0.348933 -0.730989 -0.586430
vn 0.347828 -0.472449 -0.809819
vn 0.162921 -0.479031 -0.862546
vn 0.348933 -0.730989 -0.586430
vn 0.357098 -0.734926 -0.576511
vn 0.415890 -0.464208 -0.782015
vn 0.347828 -0.472449 -0.809819
vn -0.217953 0.874458 -0.433381
vn -0.458117 0.725036 -0.514248
vn -0.557766 0.805772 -0.199069
vn -0.303700 0.937212 -0.171465
vn -0.458117 0.725036 -0.514248
vn -0.620764 0.556060 -0.552674
vn -0.720464 0.661556 -0.208026
vn -0.557766 0.805772 -0.199069
vn -0.303700 0.937212 -0.171465
vn -0.557766 0.805772 -0.199069
vn -0.572949 0.787450 0.227271
vn -0.419366 0.892150 0.167931
vn -0.557766 0.805772 -0.199069
vn -0.720464 0.661556 -0.208026
vn -0.693356 0.679736 0.239199
vn -0.572949 0.787450 0.227271
vn -0.620764 0.556060 -0.552674
vn -0.678310 0.473487 -0.561877
vn -0.767814 0.595253 -0.236931
vn -0.720464 0.661556 -0.208026
vn -0.678310 0.473487 -0.561877
vn -0.504809 0.663452 -0.552267
vn -0.561203 0.788789 -0.250724
vn -0.767814 0.595253 -0.236931
vn -0.720464 0.661556 -0.208026
vn -0.767814 0.595253 -0.236931
vn -0.731855 0.643956 0.222957
vn -0.693356 0.679736 0.239199
vn -0.767814 0.595253 -0.236931
vn -0.561203 0.788789 -0.250724
vn -0.551100 0.811765 0.193198
vn -0.731855 0.643956 0.222957
vn -0.419366 0.892150 0.167931
vn -0.572949 0.787450 0.227271
vn -0.444228 0.673778 0.590495
vn -0.231439 0.865020 0.445169
vn -0.572949 0.787450 0.227271
vn -0.693356 0.679736 0.239199
vn -0.534148 0.576374 0.618449
vn -0.444228 0.673778 0.590495
vn -0.231439 0.865020 0.445169
vn -0.444228 0.673778 0.590495
vn -0.222251 0.495512 0.839686
vn 0.006446 0.701844 0.712302
vn -0.444228 0.673778 0.590495
vn -0.534148 0.576374 0.618449
vn -0.304713 0.398866 0.864902
vn -0.222251 0.495512 0.839686
vn -0.693356 0.679736 0.239199
vn -0.731855 0.643956 0.222957
vn -0.552410 0.539471 0.635464
vn -0.534148 0.576374 0.618449
vn -0.731855 0.643956 0.222957
vn -0.551100 0.811765 0.193198
vn -0.427990 0.651796 0.626089
vn -0.552410 0.539471 0.635464
vn -0.534148 0.576374 0.618449
vn -0.552410 0.539471 0.635464
vn -0.318873 0.351614 0.880163
vn -0.304713 0.398866 0.864902
vn -0.552410 0.539471 0.635464
vn -0.427990 0.651796 0.626089
vn -0.253556 0.394857 0.883062
vn -0.318873 0.351614 0.880163
vn 0.593426 0.229405 -0.771504
vn 0.412043 -0.060137 -0.909178
vn 0.147272 0.133478 -0.980048
vn 0.298639 0.399436 -0.866756
vn 0.412043 -0.060137 -0.909178
vn 0.320533 -0.134209 -0.937681
vn 0.034082 0.057283 -0.997776
vn 0.147272 0.133478 -0.980048
vn 0.298639 0.399436 -0.866756
vn 0.147272 0.133478 -0.980048
vn -0.132019 0.352674 -0.926387
vn -0.016291 0.512922 -0.858281
vn 0.147272 0.133478 -0.980048
vn 0.034082 0.057283 -0.997776
vn -0.241002 0.243370 -0.939515
vn -0.132019 0.352674 -0.926387
vn 0.320533 -0.134209 -0.937681
vn 0.260749 -0.188664 -0.946792
vn -0.043262 0.012577 -0.998985
vn 0.034082 0.057283 -0.997776
vn 0.260749 -0.188664 -0.946792
vn 0.126601 -0.346694 -0.929395
vn -0.094368 -0.021183 -0.995312
vn -0.043262 0.012577 -0.998985
vn 0.034082 0.057283 -0.997776
vn -0.043262 0.012577 -0.998985
vn -0.310868 0.187150 -0.931845
vn -0.241002 0.243370 -0.939515
vn -0.043262 0.012577 -0.998985
vn -0.094368 -0.021183 -0.995312
vn -0.282915 0.271479 -0.919923
vn -0.310868 0.187150 -0.931845
vn -0.016291 0.512922 -0.858281
vn -0.132019 0.352674 -0.926387
vn -0.333252 0.575923 -0.746496
vn -0.113358 0.756660 -0.643906
vn -0.132019 0.352674 -0.926387
vn -0.241002 0.243370 -0.939515
vn -0.459835 0.413319 -0.785951
vn -0.333252 0.575923 -0.746496
vn -0.113358 0.756660 -0.643906
vn -0.333252 0.575923 -0.746496
vn -0.458117 0.725036 -0.514248
vn -0.217953 0.874458 -0.433381
vn -0.333252 0.575923 -0.746496
vn -0.459835 0.413319 -0.785951
vn -0.620764 0.556060 -0.552674
vn -0.458117 0.725036 -0.514248
vn -0.241002 0.243370 -0.939515
vn -0.310868 0.187150 -0.931845
vn -0.522608 0.338213 -0.782619
vn -0.459835 0.413319 -0.785951
vn -0.310868 0.187150 -0.931845
vn -0.282915 0.271479 -0.919923
vn -0.416030 0.495474 -0.762513
vn -0.522608 0.338213 -0.782619
vn -0.459835 0.413319 -0.785951
vn -0.522608 0.338213 -0.782619
vn -0.678310 0.473487 -0.561877
vn -0.620764 0.556060 -0.552674
vn -0.522608 0.338213 -0.782619
vn -0.416030 0.495474 -0.762513
vn -0.504809 0.663452 -0.552267
vn -0.678310 0.473487 -0.561877
vn 0.558130 -0.664057 0.497513
vn 0.786801 -0.348476 0.509420
vn 0.613437 -0.225961 0.756728
vn 0.418481 -0.460361 0.782906
vn 0.786801 -0.348476 0.509420
vn 0.788001 -0.317201 0.527672
vn 0.636146 -0.210987 0.742161
vn 0.613437 -0.225961 0.756728
vn 0.418481 -0.460361 0.782906
vn 0.613437 -0.225961 0.756728
vn 0.301799 -0.050055 0.952057
vn 0.165480 -0.163176 0.972620
vn 0.613437 -0.225961 0.756728
vn 0.636146 -0.210987 0.742161
vn 0.360852 -0.045364 0.931519
vn 0.301799 -0.050055 0.952057
vn 0.788001 -0.317201 0.527672
vn 0.750751 -0.377930 0.541794
vn 0.622328 -0.266223 0.736093
vn 0.636146 -0.210987 0.742161
vn 0.750751 -0.377930 0.541794
vn 0.823797 -0.206269 0.528026
vn 0.689848 -0.091072 0.718203
vn 0.622328 -0.266223 0.736093
vn 0.636146 -0.210987 0.742161
vn 0.622328 -0.266223 0.736093
vn 0.393666 -0.066583 0.916839
vn 0.360852 -0.045364 0.931519
vn 0.622328 -0.266223 0.736093
vn 0.689848 -0.091072 0.718203
vn 0.463428 0.008587 0.886093
vn 0.393666 -0.066583 0.916839
vn 0.165480 -0.163176 0.972620
vn 0.301799 -0.050055 0.952057
vn -0.046427 0.154972 0.986827
vn -0.077171 0.139173 0.987257
vn 0.301799 -0.050055 0.952057
vn 0.360852 -0.045364 0.931519
vn 0.000499 0.178066 0.984018
vn -0.046427 0.154972 0.986827
vn -0.077171 0.139173 0.987257
vn -0.046427 0.154972 0.986827
vn -0.318873 0.351614 0.880163
vn -0.253556 0.394857 0.883062
vn -0.046427 0.154972 0.986827
vn 0.000499 0.178066 0.984018
vn -0.304713 0.398866 0.864902
vn -0.318873 0.351614 0.880163
vn 0.360852 -0.045364 0.931519
vn 0.393666 -0.066583 0.916839
vn 0.071085 0.227388 0.971206
vn 0.000499 0.178066 0.984018
vn 0.393666 -0.066583 0.916839
vn 0.463428 0.008587 0.886093
vn 0.285762 0.398385 0.871567
vn 0.071085 0.227388 0.971206
vn 0.000499 0.178066 0.984018
vn 0.071085 0.227388 0.971206
vn -0.222251 0.495512 0.839686
vn -0.304713 0.398866 0.864902
vn 0.071085 0.227388 0.971206
vn 0.285762 0.398385 0.871567
vn 0.006446 0.701844 0.712302
vn -0.222251 0.495512 0.839686
vn 0.823797 -0.206269 0.528026
vn 0.750751 -0.377930 0.541794
vn 0.841902 -0.461963 0.278910
vn 0.923078 -0.278611 0.265146
vn 0.750751 -0.377930 0.541794
vn 0.788001 -0.317201 0.527672
vn 0.880384 -0.411492 0.235792
vn 0.841902 -0.461963 0.278910
vn 0.923078 -0.278611 0.265146
vn 0.841902 -0.461963 0.278910
vn 0.852568 -0.476363 -0.214954
vn 0.917661 -0.368594 -0.148448
vn 0.841902 -0.461963 0.278910
vn 0.880384 -0.411492 0.235792
vn 0.850965 -0.455609 -0.261302
vn 0.852568 -0.476363 -0.214954
vn 0.788001 -0.317201 0.527672
vn 0.786801 -0.348476 0.509420
vn 0.866864 -0.467936 0.171999
vn 0.880384 -0.411492 0.235792
vn 0.786801 -0.348476 0.509420
vn 0.558130 -0.664057 0.497513
vn 0.578831 -0.807613 0.112768
vn 0.866864 -0.467936 0.171999
vn 0.880384 -0.411492 0.235792
vn 0.866864 -0.467936 0.171999
vn 0.788782 -0.515364 -0.334996
vn 0.850965 -0.455609 -0.261302
vn 0.866864 -0.467936 0.171999
vn 0.578831 -0.807613 0.112768
vn 0.467674 -0.802424 -0.370671
vn 0.788782 -0.515364 -0.334996
vn 0.917661 -0.368594 -0.148448
vn 0.852568 -0.476363 -0.214954
vn 0.651585 -0.284364 -0.703260
vn 0.840766 -0.046574 -0.539392
vn 0.852568 -0.476363 -0.214954
vn 0.850965 -0.455609 -0.261302
vn 0.603106 -0.331037 -0.725725
vn 0.651585 -0.284364 -0.703260
vn 0.840766 -0.046574 -0.539392
vn 0.651585 -0.284364 -0.703260
vn 0.412043 -0.060137 -0.909178
vn 0.593426 0.229405 -0.771504
vn 0.651585 -0.284364 -0.703260
vn 0.603106 -0.331037 -0.725725
vn 0.320533 -0.134209 -0.937681
vn 0.412043 -0.060137 -0.909178
vn 0.850965 -0.455609 -0.261302
vn 0.788782 -0.515364 -0.334996
vn 0.543218 -0.386363 -0.745411
vn 0.603106 -0.331037 -0.725725
vn 0.788782 -0.515364 -0.334996
vn 0.467674 -0.802424 -0.370671
vn 0.303209 -0.615875 -0.727160
vn 0.543218 -0.386363 -0.745411
vn 0.603106 -0.331037 -0.725725
vn 0.543218 -0.386363 -0.745411
vn 0.260749 -0.188664 -0.946792
vn 0.320533 -0.134209 -0.937681
vn 0.543218 -0.386363 -0.745411
vn 0.303209 -0.615875 -0.727160
vn 0.126601 -0.346694 -0.929395
vn 0.260749 -0.188664 -0.946792
vn 0.898301 -0.029653 -0.438378
vn 0.661212 0.212614 -0.719440
vn 0.831598 0.531165 -0.162201
vn 0.989932 0.130756 -0.054194
vn 0.661212 0.212614 -0.719440
vn 0.536809 0.387949 -0.749221
vn 0.677210 0.716758 -0.166265
vn 0.831598 0.531165 -0.162201
vn 0.989932 0.130756 -0.054194
vn 0.831598 0.531165 -0.162201
vn 0.721570 0.574769 0.385976
vn 0.909486 0.259057 0.325154
vn 0.831598 0.531165 -0.162201
vn 0.677210 0.716758 -0.166265
vn 0.532041 0.751642 0.389830
vn 0.721570 0.574769 0.385976
vn 0.536809 0.387949 -0.749221
vn 0.392415 0.540369 -0.744320
vn 0.464766 0.875481 -0.132387
vn 0.677210 0.716758 -0.166265
vn 0.392415 0.540369 -0.744320
vn 0.283738 0.616255 -0.734658
vn 0.319226 0.940339 -0.117721
vn 0.464766 0.875481 -0.132387
vn 0.677210 0.716758 -0.166265
vn 0.464766 0.875481 -0.132387
vn 0.361736 0.839299 0.405862
vn 0.532041 0.751642 0.389830
vn 0.464766 0.875481 -0.132387
vn 0.319226 0.940339 -0.117721
vn 0.293616 0.861070 0.415149
vn 0.361736 0.839299 0.405862
vn 0.909486 0.259057 0.325154
vn 0.721570 0.574769 0.385976
vn 0.241695 0.226611 0.943520
vn 0.650114 -0.161629 0.742447
vn 0.721570 0.574769 0.385976
vn 0.532041 0.751642 0.389830
vn 0.121709 0.308479 0.943413
vn 0.241695 0.226611 0.943520
vn 0.650114 -0.161629 0.742447
vn 0.241695 0.226611 0.943520
vn -0.391366 -0.440498 0.807957
vn -0.000044 -0.641317 0.767276
vn 0.241695 0.226611 0.943520
vn 0.121709 0.308479 0.943413
vn -0.441871 -0.425569 0.789710
vn -0.391366 -0.440498 0.807957
vn 0.532041 0.751642 0.389830
vn 0.361736 0.839299 0.405862
vn 0.109791 0.315535 0.942541
vn 0.121709 0.308479 0.943413
vn 0.361736 0.839299 0.405862
vn 0.293616 0.861070 0.415149
vn 0.127158 0.305285 0.943733
vn 0.109791 0.315535 0.942541
vn 0.121709 0.308479 0.943413
vn 0.109791 0.315535 0.942541
vn -0.299394 -0.537103 0.788596
vn -0.441871 -0.425569 0.789710
vn 0.109791 0.315535 0.942541
vn 0.127158 0.305285 0.943733
vn -0.153846 -0.593317 0.790131
vn -0.299394 -0.537103 0.788596
vn 0.283738 0.616255 -0.734658
vn 0.109232 0.670974 -0.733391
vn 0.100580 0.987292 -0.123034
vn 0.319226 0.940339 -0.117721
vn 0.109232 0.670974 -0.733391
vn -0.043555 0.681419 -0.730596
vn -0.090810 0.987232 -0.130868
vn 0.100580 0.987292 -0.123034
vn 0.319226 0.940339 -0.117721
vn 0.100580 0.987292 -0.123034
vn 0.081003 0.889720 0.449262
vn 0.293616 0.861070 0.415149
vn 0.100580 0.987292 -0.123034
vn -0.090810 0.987232 -0.130868
vn -0.140901 0.858726 0.492683
vn 0.081003 0.889720 0.449262
vn -0.043555 0.681419 -0.730596
vn -0.172287 0.637880 -0.750617
vn -0.286137 0.949188 -0.131028
vn -0.090810 0.987232 -0.130868
vn -0.172287 0.637880 -0.750617
vn -0.273356 0.576095 -0.770319
vn -0.509739 0.853304 -0.109717
vn -0.286137 0.949188 -0.131028
vn -0.090810 0.987232 -0.130868
vn -0.286137 0.949188 -0.131028
vn -0.293478 0.804431 0.516489
vn -0.140901 0.858726 0.492683
vn -0.286137 0.949188 -0.131028
vn -0.509739 0.853304 -0.109717
vn -0.471638 0.687090 0.552690
vn -0.293478 0.804431 0.516489
vn 0.293616 0.861070 0.415149
vn 0.081003 0.889720 0.449262
vn 0.070010 0.276983 0.958321
vn 0.127158 0.305285 0.943733
vn 0.081003 0.889720 0.449262
vn -0.140901 0.858726 0.492683
vn 0.005390 0.240400 0.970659
vn 0.070010 0.276983 0.958321
vn 0.127158 0.305285 0.943733
vn 0.070010 0.276983 0.958321
vn 0.023396 -0.609652 0.792324
vn -0.153846 -0.593317 0.790131
vn 0.070010 0.276983 0.958321
vn 0.005390 0.240400 0.970659
vn 0.192758 -0.573911 0.795909
vn 0.023396 -0.609652 0.792324
vn -0.140901 0.858726 0.492683
vn -0.293478 0.804431 0.516489
vn -0.063326 0.226687 0.971907
vn 0.005390 0.240400 0.970659
vn -0.293478 0.804431 0.516489
vn -0.471638 0.687090 0.552690
vn -0.125418 0.200314 0.971671
vn -0.063326 0.226687 0.971907
vn 0.005390 0.240400 0.970659
vn -0.063326 0.226687 0.971907
vn 0.300657 -0.503651 0.809901
vn 0.192758 -0.573911 0.795909
vn -0.063326 0.226687 0.971907
vn -0.125418 0.200314 0.971671
vn 0.296540 -0.466466 0.833350
vn 0.300657 -0.503651 0.809901
vn -0.273356 0.576095 -0.770319
vn -0.367715 0.525846 -0.766989
vn -0.618250 0.781436 -0.084410
vn -0.509739 0.853304 -0.109717
vn -0.367715 0.525846 -0.766989
vn -0.431267 0.480477 -0.763643
vn -0.688557 0.720148 -0.085297
vn -0.618250 0.781436 -0.084410
vn -0.509739 0.853304 -0.109717
vn -0.618250 0.781436 -0.084410
vn -0.500415 0.637304 0.586029
vn -0.471638 0.687090 0.552690
vn -0.618250 0.781436 -0.084410
vn -0.688557 0.720148 -0.085297
vn -0.527972 0.606074 0.594912
vn -0.500415 0.637304 0.586029
vn -0.431267 0.480477 -0.763643
vn -0.425180 0.599973 -0.677683
vn -0.676118 0.734007 -0.064015
vn -0.688557 0.720148 -0.085297
vn -0.425180 0.599973 -0.677683
vn -0.590052 0.746755 -0.306912
vn -0.708686 0.704278 -0.041908
vn -0.676118 0.734007 -0.064015
vn -0.688557 0.720148 -0.085297
vn -0.676118 0.734007 -0.064015
vn -0.514647 0.663118 0.543520
vn -0.527972 0.606074 0.594912
vn -0.676118 0.734007 -0.064015
vn -0.708686 0.704278 -0.041908
vn -0.632627 0.753618 0.178449
vn -0.514647 0.663118 0.543520
vn -0.471638 0.687090 0.552690
vn -0.500415 0.637304 0.586029
vn -0.114266 0.199504 0.973212
vn -0.125418 0.200314 0.971671
vn -0.500415 0.637304 0.586029
vn -0.527972 0.606074 0.594912
vn -0.069171 0.226990 0.971438
vn -0.114266 0.199504 0.973212
vn -0.125418 0.200314 0.971671
vn -0.114266 0.199504 0.973212
vn 0.344425 -0.398988 0.849812
vn 0.296540 -0.466466 0.833350
vn -0.114266 0.199504 0.973212
vn -0.069171 0.226990 0.971438
vn 0.461931 -0.289733 0.838257
vn 0.344425 -0.398988 0.849812
vn -0.527972 0.606074 0.594912
vn -0.514647 0.663118 0.543520
vn 0.065643 0.404920 0.911993
vn -0.069171 0.226990 0.971438
vn -0.514647 0.663118 0.543520
vn -0.632627 0.753618 0.178449
vn 0.408489 0.898899 0.158484
vn 0.065643 0.404920 0.911993
vn -0.069171 0.226990 0.971438
vn 0.065643 0.404920 0.911993
vn 0.726048 -0.020156 0.687349
vn 0.461931 -0.289733 0.838257
vn 0.065643 0.404920 0.911993
vn 0.408489 0.898899 0.158484
vn 0.994257 -0.075264 0.076078
vn 0.726048 -0.020156 0.687349
vn 0.334850 -0.828024 -0.449724
vn 0.398492 -0.795962 -0.455686
vn 0.101006 -0.235193 -0.966686
vn 0.121294 -0.258437 -0.958383
vn 0.398492 -0.795962 -0.455686
vn 0.581560 -0.645872 -0.494608
vn 0.137171 -0.165937 -0.976550
vn 0.101006 -0.235193 -0.966686
vn 0.121294 -0.258437 -0.958383
vn 0.101006 -0.235193 -0.966686
vn -0.236893 0.381082 -0.893677
vn -0.135174 0.417313 -0.898653
vn 0.101006 -0.235193 -0.966686
vn 0.137171 -0.165937 -0.976550
vn -0.338434 0.340083 -0.877386
vn -0.236893 0.381082 -0.893677
vn 0.581560 -0.645872 -0.494608
vn 0.801223 -0.328281 -0.500273
vn 0.217524 -0.008908 -0.976014
vn 0.137171 -0.165937 -0.976550
vn 0.801223 -0.328281 -0.500273
vn 0.996016 0.025223 -0.085535
vn 0.302954 0.424894 -0.853044
vn 0.217524 -0.008908 -0.976014
vn 0.137171 -0.165937 -0.976550
vn 0.217524 -0.008908 -0.976014
vn -0.374857 0.373673 -0.848440
vn -0.338434 0.340083 -0.877386
vn 0.217524 -0.008908 -0.976014
vn 0.302954 0.424894 -0.853044
vn -0.510122 0.553801 -0.658088
vn -0.374857 0.373673 -0.848440
vn -0.135174 0.417313 -0.898653
vn -0.236893 0.381082 -0.893677
vn -0.412175 0.840781 -0.350997
vn -0.287564 0.890300 -0.353090
vn -0.236893 0.381082 -0.893677
vn -0.338434 0.340083 -0.877386
vn -0.600030 0.719157 -0.350397
vn -0.412175 0.840781 -0.350997
vn -0.287564 0.890300 -0.353090
vn -0.412175 0.840781 -0.350997
vn -0.337240 0.843097 0.418875
vn -0.260815 0.876652 0.404297
vn -0.412175 0.840781 -0.350997
vn -0.600030 0.719157 -0.350397
vn -0.471391 0.778637 0.414144
vn -0.337240 0.843097 0.418875
vn -0.338434 0.340083 -0.877386
vn -0.374857 0.373673 -0.848440
vn -0.649978 0.652068 -0.390301
vn -0.600030 0.719157 -0.350397
vn -0.374857 0.373673 -0.848440
vn -0.510122 0.553801 -0.658088
vn -0.655048 0.623973 -0.426110
vn -0.649978 0.652068 -0.390301
vn -0.600030 0.719157 -0.350397
vn -0.649978 0.652068 -0.390301
vn -0.532278 0.814101 0.232205
vn -0.471391 0.778637 0.414144
vn -0.649978 0.652068 -0.390301
vn -0.655048 0.623973 -0.426110
vn -0.590052 0.746755 -0.306912
vn -0.532278 0.814101 0.232205
vn 0.334850 -0.828024 -0.449724
vn 0.316097 -0.882585 0.348033
vn 0.405607 -0.845087 0.348297
vn 0.398492 -0.795962 -0.455686
vn 0.316097 -0.882585 0.348033
vn 0.141395 -0.341893 0.929041
vn 0.182275 -0.348270 0.919502
vn 0.405607 -0.845087 0.348297
vn 0.398492 -0.795962 -0.455686
vn 0.405607 -0.845087 0.348297
vn 0.609103 -0.725335 0.320754
vn 0.581560 -0.645872 -0.494608
vn 0.405607 -0.845087 0.348297
vn 0.182275 -0.348270 0.919502
vn 0.290240 -0.312940 0.904339
vn 0.609103 -0.725335 0.320754
vn 0.141395 -0.341893 0.929041
vn -0.095116 0.398274 0.912322
vn -0.113298 0.364939 0.924112
vn 0.182275 -0.348270 0.919502
vn -0.095116 0.398274 0.912322
vn -0.260815 0.876652 0.404297
vn -0.337240 0.843097 0.418875
vn -0.113298 0.364939 0.924112
vn 0.182275 -0.348270 0.919502
vn -0.113298 0.364939 0.924112
vn -0.106865 0.316837 0.942440
vn 0.290240 -0.312940 0.904339
vn -0.113298 0.364939 0.924112
vn -0.337240 0.843097 0.418875
vn -0.471391 0.778637 0.414144
vn -0.106865 0.316837 0.942440
vn 0.581560 -0.645872 -0.494608
vn 0.609103 -0.725335 0.320754
vn 0.893407 -0.409300 0.185197
vn 0.801223 -0.328281 -0.500273
vn 0.609103 -0.725335 0.320754
vn 0.290240 -0.312940 0.904339
vn 0.663584 -0.098478 0.741592
vn 0.893407 -0.409300 0.185197
vn 0.801223 -0.328281 -0.500273
vn 0.893407 -0.409300 0.185197
vn 0.992451 -0.108117 0.057887
vn 0.996016 0.025223 -0.085535
vn 0.893407 -0.409300 0.185197
vn 0.663584 -0.098478 0.741592
vn 0.997114 -0.050750 0.056459
vn 0.992451 -0.108117 0.057887
vn 0.290240 -0.312940 0.904339
vn -0.106865 0.316837 0.942440
vn 0.056194 0.477168 0.877014
vn 0.663584 -0.098478 0.741592
vn -0.106865 0.316837 0.942440
vn -0.471391 0.778637 0.414144
vn -0.532278 0.814101 0.232205
vn 0.056194 0.477168 0.877014
vn 0.663584 -0.098478 0.741592
vn 0.056194 0.477168 0.877014
vn 0.469549 0.870710 -0.146244
vn 0.997114 -0.050750 0.056459
vn 0.056194 0.477168 0.877014
vn -0.532278 0.814101 0.232205
vn -0.590052 0.746755 -0.306912
vn 0.469549 0.870710 -0.146244
vn 0.345257 -0.641590 -0.684952
vn 0.531733 -0.840270 -0.105861
vn 0.568249 -0.816565 -0.101558
vn 0.371862 -0.640096 -0.672306
vn 0.531733 -0.840270 -0.105861
vn 0.431802 -0.588225 0.683768
vn 0.448533 -0.569891 0.688508
vn 0.568249 -0.816565 -0.101558
vn 0.371862 -0.640096 -0.672306
vn 0.568249 -0.816565 -0.101558
vn 0.672681 -0.733906 -0.094244
vn 0.462527 -0.579400 -0.671093
vn 0.568249 -0.816565 -0.101558
vn 0.448533 -0.569891 0.688508
vn 0.526668 -0.504617 0.684093
vn 0.672681 -0.733906 -0.094244
vn 0.431802 -0.588225 0.683768
vn -0.025242 0.188422 0.981764
vn -0.029509 0.162037 0.986343
vn 0.448533 -0.569891 0.688508
vn -0.025242 0.188422 0.981764
vn -0.292193 0.710009 0.640712
vn -0.420347 0.632693 0.650391
vn -0.029509 0.162037 0.986343
vn 0.448533 -0.569891 0.688508
vn -0.029509 0.162037 0.986343
vn -0.068175 0.101794 0.992467
vn 0.526668 -0.504617 0.684093
vn -0.029509 0.162037 0.986343
vn -0.420347 0.632693 0.650391
vn -0.514966 0.552120 0.655723
vn -0.068175 0.101794 0.992467
vn 0.462527 -0.579400 -0.671093
vn 0.672681 -0.733906 -0.094244
vn 0.891820 -0.451999 0.018830
vn 0.760471 -0.293282 -0.579370
vn 0.672681 -0.733906 -0.094244
vn 0.526668 -0.504617 0.684093
vn 0.615559 -0.340666 0.710657
vn 0.891820 -0.451999 0.018830
vn 0.760471 -0.293282 -0.579370
vn 0.891820 -0.451999 0.018830
vn 0.950595 -0.263291 0.164460
vn 0.994257 -0.075264 0.076078
vn 0.891820 -0.451999 0.018830
vn 0.615559 -0.340666 0.710657
vn 0.654546 -0.233942 0.718916
vn 0.950595 -0.263291 0.164460
vn 0.526668 -0.504617 0.684093
vn -0.068175 0.101794 0.992467
vn -0.051487 0.118476 0.991621
vn 0.615559 -0.340666 0.710657
vn -0.068175 0.101794 0.992467
vn -0.514966 0.552120 0.655723
vn -0.513227 0.524772 0.679127
vn -0.051487 0.118476 0.991621
vn 0.615559 -0.340666 0.710657
vn -0.051487 0.118476 0.991621
vn -0.043918 0.100958 0.993921
vn 0.654546 -0.233942 0.718916
vn -0.051487 0.118476 0.991621
vn -0.513227 0.524772 0.679127
vn -0.536526 0.404407 0.740672
vn -0.043918 0.100958 0.993921
vn 0.345257 -0.641590 -0.684952
vn 0.371862 -0.640096 -0.672306
vn 0.046153 -0.106993 -0.993188
vn 0.023588 -0.055362 -0.998188
vn 0.371862 -0.640096 -0.672306
vn 0.462527 -0.579400 -0.671093
vn 0.082341 -0.104889 -0.991069
vn 0.046153 -0.106993 -0.993188
vn 0.023588 -0.055362 -0.998188
vn 0.046153 -0.106993 -0.993188
vn -0.386773 0.602212 -0.698389
vn -0.276134 0.708632 -0.649300
vn 0.046153 -0.106993 -0.993188
vn 0.082341 -0.104889 -0.991069
vn -0.487713 0.547163 -0.680256
vn -0.386773 0.602212 -0.698389
vn 0.462527 -0.579400 -0.671093
vn 0.760471 -0.293282 -0.579370
vn 0.254226 0.183810 -0.949517
vn 0.082341 -0.104889 -0.991069
vn 0.760471 -0.293282 -0.579370
vn 0.994257 -0.075264 0.076078
vn 0.408489 0.898899 0.158484
vn 0.254226 0.183810 -0.949517
vn 0.082341 -0.104889 -0.991069
vn 0.254226 0.183810 -0.949517
vn -0.468107 0.725342 -0.504732
vn -0.487713 0.547163 -0.680256
vn 0.254226 0.183810 -0.949517
vn 0.408489 0.898899 0.158484
vn -0.632627 0.753618 0.178449
vn -0.468107 0.725342 -0.504732
vn -0.276134 0.708632 -0.649300
vn -0.386773 0.602212 -0.698389
vn -0.571337 0.818237 0.063727
vn -0.365539 0.927671 0.076204
vn -0.386773 0.602212 -0.698389
vn -0.487713 0.547163 -0.680256
vn -0.692955 0.717412 0.071653
vn -0.571337 0.818237 0.063727
vn -0.365539 0.927671 0.076204
vn -0.571337 0.818237 0.063727
vn -0.420347 0.632693 0.650391
vn -0.292193 0.710009 0.640712
vn -0.571337 0.818237 0.063727
vn -0.692955 0.717412 0.071653
vn -0.514966 0.552120 0.655723
vn -0.420347 0.632693 0.650391
vn -0.487713 0.547163 -0.680256
vn -0.468107 0.725342 -0.504732
vn -0.664966 0.738093 0.114188
vn -0.692955 0.717412 0.071653
vn -0.468107 0.725342 -0.504732
vn -0.632627 0.753618 0.178449
vn -0.719939 0.659269 0.216915
vn -0.664966 0.738093 0.114188
vn -0.692955 0.717412 0.071653
vn -0.664966 0.738093 0.114188
vn -0.513227 0.524772 0.679127
vn -0.514966 0.552120 0.655723
vn -0.664966 0.738093 0.114188
vn -0.719939 0.659269 0.216915
vn -0.536526 0.404407 0.740672
vn -0.513227 0.524772 0.679127
vn -0.192059 0.135597 -0.971971
vn -0.329311 0.078480 -0.940954
vn -0.689850 0.535755 -0.486901
vn -0.499263 0.688093 -0.526559
vn -0.329311 0.078480 -0.940954
vn -0.411781 0.010309 -0.911225
vn -0.755261 0.436006 -0.489367
vn -0.689850 0.535755 -0.486901
vn -0.499263 0.688093 -0.526559
vn -0.689850 0.535755 -0.486901
vn -0.633025 0.753187 0.178853
vn -0.476681 0.867132 0.144420
vn -0.689850 0.535755 -0.486901
vn -0.755261 0.436006 -0.489367
vn -0.703854 0.697006 0.137013
vn -0.633025 0.753187 0.178853
vn -0.411781 0.010309 -0.911225
vn -0.418049 0.012852 -0.908334
vn -0.685799 0.436265 -0.582540
vn -0.755261 0.436006 -0.489367
vn -0.418049 0.012852 -0.908334
vn -0.384771 0.053682 -0.921450
vn -0.638673 0.421361 -0.643857
vn -0.685799 0.436265 -0.582540
vn -0.755261 0.436006 -0.489367
vn -0.685799 0.436265 -0.582540
vn -0.576908 0.784214 -0.228442
vn -0.703854 0.697006 0.137013
vn -0.685799 0.436265 -0.582540
vn -0.638673 0.421361 -0.643857
vn -0.510122 0.553801 -0.658088
vn -0.576908 0.784214 -0.228442
vn -0.476681 0.867132 0.144420
vn -0.633025 0.753187 0.178853
vn -0.229422 0.471490 0.851506
vn -0.212657 0.534500 0.817977
vn -0.633025 0.753187 0.178853
vn -0.703854 0.697006 0.137013
vn -0.210975 0.464318 0.860173
vn -0.229422 0.471490 0.851506
vn -0.212657 0.534500 0.817977
vn -0.229422 0.471490 0.851506
vn 0.252328 -0.083594 0.964024
vn 0.186024 -0.128364 0.974124
vn -0.229422 0.471490 0.851506
vn -0.210975 0.464318 0.860173
vn 0.317632 -0.036221 0.947522
vn 0.252328 -0.083594 0.964024
vn -0.703854 0.697006 0.137013
vn -0.576908 0.784214 -0.228442
vn 0.059647 0.840308 0.538818
vn -0.210975 0.464318 0.860173
vn -0.576908 0.784214 -0.228442
vn -0.510122 0.553801 -0.658088
vn 0.302954 0.424894 -0.853044
vn 0.059647 0.840308 0.538818
vn -0.210975 0.464318 0.860173
vn 0.059647 0.840308 0.538818
vn 0.704326 0.219294 0.675156
vn 0.317632 -0.036221 0.947522
vn 0.059647 0.840308 0.538818
vn 0.302954 0.424894 -0.853044
vn 0.996016 0.025223 -0.085535
vn 0.704326 0.219294 0.675156
vn -0.130587 -0.762364 -0.633836
vn -0.244689 -0.967299 -0.066791
vn -0.016061 -0.997315 -0.071450
vn 0.022174 -0.777290 -0.628751
vn -0.244689 -0.967299 -0.066791
vn -0.208870 -0.769090 0.604048
vn 0.029809 -0.781336 0.623399
vn -0.016061 -0.997315 -0.071450
vn 0.022174 -0.777290 -0.628751
vn -0.016061 -0.997315 -0.071450
vn 0.209598 -0.974505 -0.080054
vn 0.171858 -0.757722 -0.629541
vn -0.016061 -0.997315 -0.071450
vn 0.029809 -0.781336 0.623399
vn 0.235360 -0.723136 0.649369
vn 0.209598 -0.974505 -0.080054
vn -0.208870 -0.769090 0.604048
vn -0.034065 0.045671 0.998376
vn 0.031359 0.088268 0.995603
vn 0.029809 -0.781336 0.623399
vn -0.034065 0.045671 0.998376
vn 0.184598 0.766226 0.615485
vn 0.085652 0.789656 0.607542
vn 0.031359 0.088268 0.995603
vn 0.029809 -0.781336 0.623399
vn 0.031359 0.088268 0.995603
vn 0.022021 0.148538 0.988662
vn 0.235360 -0.723136 0.649369
vn 0.031359 0.088268 0.995603
vn 0.085652 0.789656 0.607542
vn -0.041264 0.791570 0.609684
vn 0.022021 0.148538 0.988662
vn 0.171858 -0.757722 -0.629541
vn 0.209598 -0.974505 -0.080054
vn 0.422550 -0.900654 -0.101363
vn 0.281471 -0.697153 -0.659358
vn 0.209598 -0.974505 -0.080054
vn 0.235360 -0.723136 0.649369
vn 0.367890 -0.646772 0.668089
vn 0.422550 -0.900654 -0.101363
vn 0.281471 -0.697153 -0.659358
vn 0.422550 -0.900654 -0.101363
vn 0.531733 -0.840270 -0.105861
vn 0.345257 -0.641590 -0.684952
vn 0.422550 -0.900654 -0.101363
vn 0.367890 -0.646772 0.668089
vn 0.431802 -0.588225 0.683768
vn 0.531733 -0.840270 -0.105861
vn 0.235360 -0.723136 0.649369
vn 0.022021 0.148538 0.988662
vn -0.015806 0.178126 0.983881
vn 0.367890 -0.646772 0.668089
vn 0.022021 0.148538 0.988662
vn -0.041264 0.791570 0.609684
vn -0.198025 0.750981 0.629931
vn -0.015806 0.178126 0.983881
vn 0.367890 -0.646772 0.668089
vn -0.015806 0.178126 0.983881
vn -0.025242 0.188422 0.981764
vn 0.431802 -0.588225 0.683768
vn -0.015806 0.178126 0.983881
vn -0.198025 0.750981 0.629931
vn -0.292193 0.710009 0.640712
vn -0.025242 0.188422 0.981764
vn -0.130587 -0.762364 -0.633836
vn 0.022174 -0.777290 -0.628751
vn 0.177089 -0.060518 -0.982332
vn 0.160136 -0.056244 -0.985491
vn 0.022174 -0.777290 -0.628751
vn 0.171858 -0.757722 -0.629541
vn 0.156613 -0.032790 -0.987116
vn 0.177089 -0.060518 -0.982332
vn 0.160136 -0.056244 -0.985491
vn 0.177089 -0.060518 -0.982332
vn 0.262809 0.784058 -0.562303
vn 0.358970 0.740146 -0.568616
vn 0.177089 -0.060518 -0.982332
vn 0.156613 -0.032790 -0.987116
vn 0.083765 0.822855 -0.562044
vn 0.262809 0.784058 -0.562303
vn 0.171858 -0.757722 -0.629541
vn 0.281471 -0.697153 -0.659358
vn 0.066878 0.002207 -0.997759
vn 0.156613 -0.032790 -0.987116
vn 0.281471 -0.697153 -0.659358
vn 0.345257 -0.641590 -0.684952
vn 0.023588 -0.055362 -0.998188
vn 0.066878 0.002207 -0.997759
vn 0.156613 -0.032790 -0.987116
vn 0.066878 0.002207 -0.997759
vn -0.138431 0.801749 -0.581408
vn 0.083765 0.822855 -0.562044
vn 0.066878 0.002207 -0.997759
vn 0.023588 -0.055362 -0.998188
vn -0.276134 0.708632 -0.649300
vn -0.138431 0.801749 -0.581408
vn 0.358970 0.740146 -0.568616
vn 0.262809 0.784058 -0.562303
vn 0.139697 0.989156 0.045338
vn 0.312357 0.949499 0.029758
vn 0.262809 0.784058 -0.562303
vn 0.083765 0.822855 -0.562044
vn 0.020251 0.997615 0.065984
vn 0.139697 0.989156 0.045338
vn 0.312357 0.949499 0.029758
vn 0.139697 0.989156 0.045338
vn 0.085652 0.789656 0.607542
vn 0.184598 0.766226 0.615485
vn 0.139697 0.989156 0.045338
vn 0.020251 0.997615 0.065984
vn -0.041264 0.791570 0.609684
vn 0.085652 0.789656 0.607542
vn 0.083765 0.822855 -0.562044
vn -0.138431 0.801749 -0.581408
vn -0.197803 0.976303 0.087789
vn 0.020251 0.997615 0.065984
vn -0.138431 0.801749 -0.581408
vn -0.276134 0.708632 -0.649300
vn -0.365539 0.927671 0.076204
vn -0.197803 0.976303 0.087789
vn 0.020251 0.997615 0.065984
vn -0.197803 0.976303 0.087789
vn -0.198025 0.750981 0.629931
vn -0.041264 0.791570 0.609684
vn -0.197803 0.976303 0.087789
vn -0.365539 0.927671 0.076204
vn -0.292193 0.710009 0.640712
vn -0.198025 0.750981 0.629931
vn 0.022149 0.153181 -0.987950
vn -0.016015 0.154623 -0.987844
vn -0.046490 0.812240 -0.581467
vn 0.074339 0.802016 -0.592658
vn -0.016015 0.154623 -0.987844
vn -0.037690 0.151550 -0.987731
vn -0.199791 0.801946 -0.562998
vn -0.046490 0.812240 -0.581467
vn 0.074339 0.802016 -0.592658
vn -0.046490 0.812240 -0.581467
vn -0.030620 0.998105 0.053384
vn 0.128880 0.991303 0.026605
vn -0.046490 0.812240 -0.581467
vn -0.199791 0.801946 -0.562998
vn -0.233622 0.968371 0.087627
vn -0.030620 0.998105 0.053384
vn -0.037690 0.151550 -0.987731
vn -0.082081 0.156760 -0.984220
vn -0.355237 0.757948 -0.547103
vn -0.199791 0.801946 -0.562998
vn -0.082081 0.156760 -0.984220
vn -0.192059 0.135597 -0.971971
vn -0.499263 0.688093 -0.526559
vn -0.355237 0.757948 -0.547103
vn -0.199791 0.801946 -0.562998
vn -0.355237 0.757948 -0.547103
vn -0.390998 0.912749 0.118363
vn -0.233622 0.968371 0.087627
vn -0.355237 0.757948 -0.547103
vn -0.499263 0.688093 -0.526559
vn -0.476681 0.867132 0.144420
vn -0.390998 0.912749 0.118363
vn 0.128880 0.991303 0.026605
vn -0.030620 0.998105 0.053384
vn 0.063642 0.660000 0.748565
vn 0.153351 0.671719 0.724760
vn -0.030620 0.998105 0.053384
vn -0.233622 0.968371 0.087627
vn -0.069215 0.635842 0.768710
vn 0.063642 0.660000 0.748565
vn 0.153351 0.671719 0.724760
vn 0.063642 0.660000 0.748565
vn 0.140095 -0.155422 0.977864
vn 0.046424 -0.140490 0.988993
vn 0.063642 0.660000 0.748565
vn -0.069215 0.635842 0.768710
vn 0.199215 -0.144419 0.969256
vn 0.140095 -0.155422 0.977864
vn -0.233622 0.968371 0.087627
vn -0.390998 0.912749 0.118363
vn -0.194230 0.581017 0.790376
vn -0.069215 0.635842 0.768710
vn -0.390998 0.912749 0.118363
vn -0.476681 0.867132 0.144420
vn -0.212657 0.534500 0.817977
vn -0.194230 0.581017 0.790376
vn -0.069215 0.635842 0.768710
vn -0.194230 0.581017 0.790376
vn 0.181177 -0.132746 0.974450
vn 0.199215 -0.144419 0.969256
vn -0.194230 0.581017 0.790376
vn -0.212657 0.534500 0.817977
vn 0.186024 -0.128364 0.974124
vn 0.181177 -0.132746 0.974450
vn -0.546330 -0.786844 -0.287054
vn -0.240598 -0.917518 -0.316661
vn -0.075358 -0.360606 -0.929669
vn -0.169981 -0.369465 -0.913566
vn -0.240598 -0.917518 -0.316661
vn 0.090780 -0.928417 -0.360279
vn 0.050298 -0.335764 -0.940602
vn -0.075358 -0.360606 -0.929669
vn -0.169981 -0.369465 -0.913566
vn -0.075358 -0.360606 -0.929669
vn 0.170047 0.405444 -0.898164
vn 0.250584 0.351867 -0.901885
vn -0.075358 -0.360606 -0.929669
vn 0.050298 -0.335764 -0.940602
vn 0.057001 0.455633 -0.888341
vn 0.170047 0.405444 -0.898164
vn 0.090780 -0.928417 -0.360279
vn 0.248316 -0.875853 -0.413789
vn 0.119571 -0.294396 -0.948174
vn 0.050298 -0.335764 -0.940602
vn 0.248316 -0.875853 -0.413789
vn 0.334850 -0.828024 -0.449724
vn 0.121294 -0.258437 -0.958383
vn 0.119571 -0.294396 -0.948174
vn 0.050298 -0.335764 -0.940602
vn 0.119571 -0.294396 -0.948174
vn -0.014917 0.451222 -0.892287
vn 0.057001 0.455633 -0.888341
vn 0.119571 -0.294396 -0.948174
vn 0.121294 -0.258437 -0.958383
vn -0.135174 0.417313 -0.898653
vn -0.014917 0.451222 -0.892287
vn 0.250584 0.351867 -0.901885
vn 0.170047 0.405444 -0.898164
vn 0.298755 0.868027 -0.396578
vn 0.446095 0.799326 -0.402588
vn 0.170047 0.405444 -0.898164
vn 0.057001 0.455633 -0.888341
vn 0.054332 0.929124 -0.365754
vn 0.298755 0.868027 -0.396578
vn 0.446095 0.799326 -0.402588
vn 0.298755 0.868027 -0.396578
vn 0.302096 0.904754 0.300262
vn 0.423061 0.868234 0.259208
vn 0.298755 0.868027 -0.396578
vn 0.054332 0.929124 -0.365754
vn 0.036774 0.937346 0.346453
vn 0.302096 0.904754 0.300262
vn 0.057001 0.455633 -0.888341
vn -0.014917 0.451222 -0.892287
vn -0.091167 0.928657 -0.359563
vn 0.054332 0.929124 -0.365754
vn -0.014917 0.451222 -0.892287
vn -0.135174 0.417313 -0.898653
vn -0.287564 0.890300 -0.353090
vn -0.091167 0.928657 -0.359563
vn 0.054332 0.929124 -0.365754
vn -0.091167 0.928657 -0.359563
vn -0.113486 0.917890 0.380262
vn 0.036774 0.937346 0.346453
vn -0.091167 0.928657 -0.359563
vn -0.287564 0.890300 -0.353090
vn -0.260815 0.876652 0.404297
vn -0.113486 0.917890 0.380262
vn -0.546330 -0.786844 -0.287054
vn -0.547213 -0.737086 0.396562
vn -0.221326 -0.891949 0.394260
vn -0.240598 -0.917518 -0.316661
vn -0.547213 -0.737086 0.396562
vn -0.247085 -0.306956 0.919090
vn -0.109862 -0.372553 0.921485
vn -0.221326 -0.891949 0.394260
vn -0.240598 -0.917518 -0.316661
vn -0.221326 -0.891949 0.394260
vn 0.118377 -0.921709 0.369378
vn 0.090780 -0.928417 -0.360279
vn -0.221326 -0.891949 0.394260
vn -0.109862 -0.372553 0.921485
vn 0.059214 -0.379914 0.923125
vn 0.118377 -0.921709 0.369378
vn -0.247085 -0.306956 0.919090
vn 0.171810 0.476272 0.862349
vn 0.127679 0.446617 0.885569
vn -0.109862 -0.372553 0.921485
vn 0.171810 0.476272 0.862349
vn 0.423061 0.868234 0.259208
vn 0.302096 0.904754 0.300262
vn 0.127679 0.446617 0.885569
vn -0.109862 -0.372553 0.921485
vn 0.127679 0.446617 0.885569
vn 0.003824 0.435887 0.899993
vn 0.059214 -0.379914 0.923125
vn 0.127679 0.446617 0.885569
vn 0.302096 0.904754 0.300262
vn 0.036774 0.937346 0.346453
vn 0.003824 0.435887 0.899993
vn 0.090780 -0.928417 -0.360279
vn 0.118377 -0.921709 0.369378
vn 0.258176 -0.898508 0.355005
vn 0.248316 -0.875853 -0.413789
vn 0.118377 -0.921709 0.369378
vn 0.059214 -0.379914 0.923125
vn 0.122267 -0.343495 0.931162
vn 0.258176 -0.898508 0.355005
vn 0.248316 -0.875853 -0.413789
vn 0.258176 -0.898508 0.355005
vn 0.316097 -0.882585 0.348033
vn 0.334850 -0.828024 -0.449724
vn 0.258176 -0.898508 0.355005
vn 0.122267 -0.343495 0.931162
vn 0.141395 -0.341893 0.929041
vn 0.316097 -0.882585 0.348033
vn 0.059214 -0.379914 0.923125
vn 0.003824 0.435887 0.899993
vn -0.056312 0.422562 0.904583
vn 0.122267 -0.343495 0.931162
vn 0.003824 0.435887 0.899993
vn 0.036774 0.937346 0.346453
vn -0.113486 0.917890 0.380262
vn -0.056312 0.422562 0.904583
vn 0.122267 -0.343495 0.931162
vn -0.056312 0.422562 0.904583
vn -0.095116 0.398274 0.912322
vn 0.141395 -0.341893 0.929041
vn -0.056312 0.422562 0.904583
vn -0.113486 0.917890 0.380262
vn -0.260815 0.876652 0.404297
vn -0.095116 0.398274 0.912322
vn 0.350881 -0.854860 -0.382227
vn 0.337805 -0.935601 0.102656
vn -0.336540 -0.941630 -0.008567
vn -0.113326 -0.814776 -0.568592
vn 0.337805 -0.935601 0.102656
vn 0.241380 -0.769511 0.591260
vn -0.301033 -0.713019 0.633232
vn -0.336540 -0.941630 -0.008567
vn -0.113326 -0.814776 -0.568592
vn -0.336540 -0.941630 -0.008567
vn -0.473644 -0.879408 -0.047986
vn -0.253518 -0.743162 -0.619224
vn -0.336540 -0.941630 -0.008567
vn -0.301033 -0.713019 0.633232
vn -0.456061 -0.664634 0.591836
vn -0.473644 -0.879408 -0.047986
vn 0.241380 -0.769511 0.591260
vn 0.650447 -0.233340 0.722821
vn 0.075421 -0.014325 0.997049
vn -0.301033 -0.713019 0.633232
vn 0.650447 -0.233340 0.722821
vn 0.800239 0.314425 0.510641
vn 0.480774 0.621162 0.618882
vn 0.075421 -0.014325 0.997049
vn -0.301033 -0.713019 0.633232
vn 0.075421 -0.014325 0.997049
vn -0.102812 0.043897 0.993732
vn -0.456061 -0.664634 0.591836
vn 0.075421 -0.014325 0.997049
vn 0.480774 0.621162 0.618882
vn 0.339298 0.706625 0.620933
vn -0.102812 0.043897 0.993732
vn -0.253518 -0.743162 -0.619224
vn -0.473644 -0.879408 -0.047986
vn -0.422082 -0.904573 -0.059951
vn -0.234846 -0.735260 -0.635799
vn -0.473644 -0.879408 -0.047986
vn -0.456061 -0.664634 0.591836
vn -0.399134 -0.702972 0.588662
vn -0.422082 -0.904573 -0.059951
vn -0.234846 -0.735260 -0.635799
vn -0.422082 -0.904573 -0.059951
vn -0.244689 -0.967299 -0.066791
vn -0.130587 -0.762364 -0.633836
vn -0.422082 -0.904573 -0.059951
vn -0.399134 -0.702972 0.588662
vn -0.208870 -0.769090 0.604048
vn -0.244689 -0.967299 -0.066791
vn -0.456061 -0.664634 0.591836
vn -0.102812 0.043897 0.993732
vn -0.101756 0.038611 0.994060
vn -0.399134 -0.702972 0.588662
vn -0.102812 0.043897 0.993732
vn 0.339298 0.706625 0.620933
vn 0.258086 0.737448 0.624149
vn -0.101756 0.038611 0.994060
vn -0.399134 -0.702972 0.588662
vn -0.101756 0.038611 0.994060
vn -0.034065 0.045671 0.998376
vn -0.208870 -0.769090 0.604048
vn -0.101756 0.038611 0.994060
vn 0.258086 0.737448 0.624149
vn 0.184598 0.766226 0.615485
vn -0.034065 0.045671 0.998376
vn 0.350881 -0.854860 -0.382227
vn -0.113326 -0.814776 -0.568592
vn 0.333088 -0.211494 -0.918870
vn 0.781312 -0.375387 -0.498635
vn -0.113326 -0.814776 -0.568592
vn -0.253518 -0.743162 -0.619224
vn 0.176387 -0.104116 -0.978799
vn 0.333088 -0.211494 -0.918870
vn 0.781312 -0.375387 -0.498635
vn 0.333088 -0.211494 -0.918870
vn 0.630224 0.524778 -0.572211
vn 0.898195 0.230987 -0.374020
vn 0.333088 -0.211494 -0.918870
vn 0.176387 -0.104116 -0.978799
vn 0.497166 0.639894 -0.585970
vn 0.630224 0.524778 -0.572211
vn -0.253518 -0.743162 -0.619224
vn -0.234846 -0.735260 -0.635799
vn 0.143068 -0.051903 -0.988351
vn 0.176387 -0.104116 -0.978799
vn -0.234846 -0.735260 -0.635799
vn -0.130587 -0.762364 -0.633836
vn 0.160136 -0.056244 -0.985491
vn 0.143068 -0.051903 -0.988351
vn 0.176387 -0.104116 -0.978799
vn 0.143068 -0.051903 -0.988351
vn 0.400090 0.709874 -0.579661
vn 0.497166 0.639894 -0.585970
vn 0.143068 -0.051903 -0.988351
vn 0.160136 -0.056244 -0.985491
vn 0.358970 0.740146 -0.568616
vn 0.400090 0.709874 -0.579661
vn 0.898195 0.230987 -0.374020
vn 0.630224 0.524778 -0.572211
vn 0.640965 0.767434 0.014481
vn 0.946012 0.316025 0.072046
vn 0.630224 0.524778 -0.572211
vn 0.497166 0.639894 -0.585970
vn 0.528295 0.849010 0.009249
vn 0.640965 0.767434 0.014481
vn 0.946012 0.316025 0.072046
vn 0.640965 0.767434 0.014481
vn 0.480774 0.621162 0.618882
vn 0.800239 0.314425 0.510641
vn 0.640965 0.767434 0.014481
vn 0.528295 0.849010 0.009249
vn 0.339298 0.706625 0.620933
vn 0.480774 0.621162 0.618882
vn 0.497166 0.639894 -0.585970
vn 0.400090 0.709874 -0.579661
vn 0.437526 0.899016 0.018470
vn 0.528295 0.849010 0.009249
vn 0.400090 0.709874 -0.579661
vn 0.358970 0.740146 -0.568616
vn 0.312357 0.949499 0.029758
vn 0.437526 0.899016 0.018470
vn 0.528295 0.849010 0.009249
vn 0.437526 0.899016 0.018470
vn 0.258086 0.737448 0.624149
vn 0.339298 0.706625 0.620933
vn 0.437526 0.899016 0.018470
vn 0.312357 0.949499 0.029758
vn 0.184598 0.766226 0.615485
vn 0.258086 0.737448 0.624149
vn 0.627854 -0.125160 -0.768202
vn 0.256722 0.015339 -0.966364
vn 0.472059 0.655848 -0.589087
vn 0.865683 0.264547 -0.424979
vn 0.256722 0.015339 -0.966364
vn 0.121590 0.068078 -0.990243
vn 0.355076 0.716571 -0.600372
vn 0.472059 0.655848 -0.589087
vn 0.865683 0.264547 -0.424979
vn 0.472059 0.655848 -0.589087
vn 0.520532 0.852593 0.046184
vn 0.839018 0.543129 0.032552
vn 0.472059 0.655848 -0.589087
vn 0.355076 0.716571 -0.600372
vn 0.416488 0.908825 0.023970
vn 0.520532 0.852593 0.046184
vn 0.121590 0.068078 -0.990243
vn 0.081379 0.111130 -0.990469
vn 0.250185 0.758584 -0.601630
vn 0.355076 0.716571 -0.600372
vn 0.081379 0.111130 -0.990469
vn 0.022149 0.153181 -0.987950
vn 0.074339 0.802016 -0.592658
vn 0.250185 0.758584 -0.601630
vn 0.355076 0.716571 -0.600372
vn 0.250185 0.758584 -0.601630
vn 0.318829 0.947669 0.016487
vn 0.416488 0.908825 0.023970
vn 0.250185 0.758584 -0.601630
vn 0.074339 0.802016 -0.592658
vn 0.128880 0.991303 0.026605
vn 0.318829 0.947669 0.016487
vn 0.839018 0.543129 0.032552
vn 0.520532 0.852593 0.046184
vn 0.412769 0.575604 0.705905
vn 0.856457 0.179492 0.484009
vn 0.520532 0.852593 0.046184
vn 0.416488 0.908825 0.023970
vn 0.293637 0.642720 0.707594
vn 0.412769 0.575604 0.705905
vn 0.856457 0.179492 0.484009
vn 0.412769 0.575604 0.705905
vn 0.119677 -0.156591 0.980386
vn 0.568970 -0.293494 0.768202
vn 0.412769 0.575604 0.705905
vn 0.293637 0.642720 0.707594
vn -0.041989 -0.101811 0.993917
vn 0.119677 -0.156591 0.980386
vn 0.416488 0.908825 0.023970
vn 0.318829 0.947669 0.016487
vn 0.264442 0.654471 0.708335
vn 0.293637 0.642720 0.707594
vn 0.318829 0.947669 0.016487
vn 0.128880 0.991303 0.026605
vn 0.153351 0.671719 0.724760
vn 0.264442 0.654471 0.708335
vn 0.293637 0.642720 0.707594
vn 0.264442 0.654471 0.708335
vn -0.037018 -0.114403 0.992745
vn -0.041989 -0.101811 0.993917
vn 0.264442 0.654471 0.708335
vn 0.153351 0.671719 0.724760
vn 0.046424 -0.140490 0.988993
vn -0.037018 -0.114403 0.992745
vn -0.113504 -0.990186 -0.081537
vn -0.606727 -0.771227 -0.192591
vn -0.121643 -0.530310 -0.839032
vn 0.410909 -0.768874 -0.489884
vn -0.606727 -0.771227 -0.192591
vn -0.731263 -0.641227 -0.232555
vn -0.258558 -0.392516 -0.882654
vn -0.121643 -0.530310 -0.839032
vn 0.410909 -0.768874 -0.489884
vn -0.121643 -0.530310 -0.839032
vn 0.493216 0.017172 -0.869737
vn 0.727023 -0.278750 -0.627484
vn -0.121643 -0.530310 -0.839032
vn -0.258558 -0.392516 -0.882654
vn 0.406961 0.153221 -0.900503
vn 0.493216 0.017172 -0.869737
vn -0.731263 -0.641227 -0.232555
vn -0.719683 -0.642027 -0.264306
vn -0.270112 -0.361991 -0.892190
vn -0.258558 -0.392516 -0.882654
vn -0.719683 -0.642027 -0.264306
vn -0.546330 -0.786844 -0.287054
vn -0.169981 -0.369465 -0.913566
vn -0.270112 -0.361991 -0.892190
vn -0.258558 -0.392516 -0.882654
vn -0.270112 -0.361991 -0.892190
vn 0.368825 0.233791 -0.899616
vn 0.406961 0.153221 -0.900503
vn -0.270112 -0.361991 -0.892190
vn -0.169981 -0.369465 -0.913566
vn 0.250584 0.351867 -0.901885
vn 0.368825 0.233791 -0.899616
vn 0.727023 -0.278750 -0.627484
vn 0.493216 0.017172 -0.869737
vn 0.802559 0.429168 -0.414383
vn 0.968619 -0.083526 -0.234096
vn 0.493216 0.017172 -0.869737
vn 0.406961 0.153221 -0.900503
vn 0.733488 0.543921 -0.407609
vn 0.802559 0.429168 -0.414383
vn 0.968619 -0.083526 -0.234096
vn 0.802559 0.429168 -0.414383
vn 0.787566 0.576732 0.217071
vn 0.967007 0.138095 0.214075
vn 0.802559 0.429168 -0.414383
vn 0.733488 0.543921 -0.407609
vn 0.706825 0.682190 0.187125
vn 0.787566 0.576732 0.217071
vn 0.406961 0.153221 -0.900503
vn 0.368825 0.233791 -0.899616
vn 0.689132 0.609125 -0.392510
vn 0.733488 0.543921 -0.407609
vn 0.368825 0.233791 -0.899616
vn 0.250584 0.351867 -0.901885
vn 0.446095 0.799326 -0.402588
vn 0.689132 0.609125 -0.392510
vn 0.733488 0.543921 -0.407609
vn 0.689132 0.609125 -0.392510
vn 0.639242 0.739156 0.212176
vn 0.706825 0.682190 0.187125
vn 0.689132 0.609125 -0.392510
vn 0.446095 0.799326 -0.402588
vn 0.423061 0.868234 0.259208
vn 0.639242 0.739156 0.212176
vn -0.113504 -0.990186 -0.081537
vn 0.016532 -0.895395 0.444966
vn -0.637100 -0.619623 0.458443
vn -0.606727 -0.771227 -0.192591
vn 0.016532 -0.895395 0.444966
vn 0.138387 -0.528102 0.837829
vn -0.290579 -0.232011 0.928297
vn -0.637100 -0.619623 0.458443
vn -0.606727 -0.771227 -0.192591
vn -0.637100 -0.619623 0.458443
vn -0.742872 -0.521260 0.420035
vn -0.731263 -0.641227 -0.232555
vn -0.637100 -0.619623 0.458443
vn -0.290579 -0.232011 0.928297
vn -0.397009 -0.149424 0.905570
vn -0.742872 -0.521260 0.420035
vn 0.138387 -0.528102 0.837829
vn 0.730325 -0.194037 0.654962
vn 0.394954 0.336675 0.854788
vn -0.290579 -0.232011 0.928297
vn 0.730325 -0.194037 0.654962
vn 0.967007 0.138095 0.214075
vn 0.787566 0.576732 0.217071
vn 0.394954 0.336675 0.854788
vn -0.290579 -0.232011 0.928297
vn 0.394954 0.336675 0.854788
vn 0.308947 0.453293 0.836108
vn -0.397009 -0.149424 0.905570
vn 0.394954 0.336675 0.854788
vn 0.787566 0.576732 0.217071
vn 0.706825 0.682190 0.187125
vn 0.308947 0.453293 0.836108
vn -0.731263 -0.641227 -0.232555
vn -0.742872 -0.521260 0.420035
vn -0.728329 -0.554495 0.402582
vn -0.719683 -0.642027 -0.264306
vn -0.742872 -0.521260 0.420035
vn -0.397009 -0.149424 0.905570
vn -0.353959 -0.218951 0.909271
vn -0.728329 -0.554495 0.402582
vn -0.719683 -0.642027 -0.264306
vn -0.728329 -0.554495 0.402582
vn -0.547213 -0.737086 0.396562
vn -0.546330 -0.786844 -0.287054
vn -0.728329 -0.554495 0.402582
vn -0.353959 -0.218951 0.909271
vn -0.247085 -0.306956 0.919090
vn -0.547213 -0.737086 0.396562
vn -0.397009 -0.149424 0.905570
vn 0.308947 0.453293 0.836108
vn 0.255126 0.474079 0.842710
vn -0.353959 -0.218951 0.909271
vn 0.308947 0.453293 0.836108
vn 0.706825 0.682190 0.187125
vn 0.639242 0.739156 0.212176
vn 0.255126 0.474079 0.842710
vn -0.353959 -0.218951 0.909271
vn 0.255126 0.474079 0.842710
vn 0.171810 0.476272 0.862349
vn -0.247085 -0.306956 0.919090
vn 0.255126 0.474079 0.842710
vn 0.639242 0.739156 0.212176
vn 0.423061 0.868234 0.259208
vn 0.171810 0.476272 0.862349
vn -0.899998 0.171094 -0.400913
vn -0.799325 0.061589 -0.597734
vn -0.831717 0.073756 -0.550279
vn -0.939240 0.162921 -0.302133
vn -0.799325 0.061589 -0.597734
vn -0.434557 -0.180026 -0.882469
vn -0.468972 -0.146246 -0.871021
vn -0.831717 0.073756 -0.550279
vn -0.939240 0.162921 -0.302133
vn -0.831717 0.073756 -0.550279
vn -0.863225 0.161785 -0.478192
vn -0.972767 0.189506 -0.133458
vn -0.831717 0.073756 -0.550279
vn -0.468972 -0.146246 -0.871021
vn -0.496225 0.012472 -0.868105
vn -0.863225 0.161785 -0.478192
vn -0.434557 -0.180026 -0.882469
vn 0.119942 -0.397261 -0.909834
vn 0.151730 -0.379399 -0.912707
vn -0.468972 -0.146246 -0.871021
vn 0.119942 -0.397261 -0.909834
vn 0.533465 -0.470436 -0.702926
vn 0.611649 -0.496979 -0.615547
vn 0.151730 -0.379399 -0.912707
vn -0.468972 -0.146246 -0.871021
vn 0.151730 -0.379399 -0.912707
vn 0.183310 -0.229834 -0.955810
vn -0.496225 0.012472 -0.868105
vn 0.151730 -0.379399 -0.912707
vn 0.611649 -0.496979 -0.615547
vn 0.737238 -0.364907 -0.568615
vn 0.183310 -0.229834 -0.955810
vn -0.972767 0.189506 -0.133458
vn -0.863225 0.161785 -0.478192
vn -0.882766 0.180674 -0.433682
vn -0.976418 0.172000 -0.130476
vn -0.863225 0.161785 -0.478192
vn -0.496225 0.012472 -0.868105
vn -0.514679 0.089103 -0.852741
vn -0.882766 0.180674 -0.433682
vn -0.976418 0.172000 -0.130476
vn -0.882766 0.180674 -0.433682
vn -0.897605 0.126481 -0.422266
vn -0.981776 0.141567 -0.126783
vn -0.882766 0.180674 -0.433682
vn -0.514679 0.089103 -0.852741
vn -0.535794 0.056686 -0.842444
vn -0.897605 0.126481 -0.422266
vn -0.496225 0.012472 -0.868105
vn 0.183310 -0.229834 -0.955810
vn 0.142311 -0.098012 -0.984958
vn -0.514679 0.089103 -0.852741
vn 0.183310 -0.229834 -0.955810
vn 0.737238 -0.364907 -0.568615
vn 0.667243 -0.193752 -0.719199
vn 0.142311 -0.098012 -0.984958
vn -0.514679 0.089103 -0.852741
vn 0.142311 -0.098012 -0.984958
vn 0.078399 -0.044426 -0.995932
vn -0.535794 0.056686 -0.842444
vn 0.142311 -0.098012 -0.984958
vn 0.667243 -0.193752 -0.719199
vn 0.611112 -0.087463 -0.786697
vn 0.078399 -0.044426 -0.995932
vn -0.981776 0.141567 -0.126783
vn -0.986035 0.138238 0.092876
vn -0.981613 0.153011 0.114123
vn -0.976418 0.172000 -0.130476
vn -0.986035 0.138238 0.092876
vn -0.923678 0.108374 0.367525
vn -0.907694 0.125826 0.400324
vn -0.981613 0.153011 0.114123
vn -0.976418 0.172000 -0.130476
vn -0.981613 0.153011 0.114123
vn -0.969531 0.181422 0.164611
vn -0.972767 0.189506 -0.133458
vn -0.981613 0.153011 0.114123
vn -0.907694 0.125826 0.400324
vn -0.872054 0.145983 0.467130
vn -0.969531 0.181422 0.164611
vn -0.923678 0.108374 0.367525
vn -0.712379 0.035356 0.700904
vn -0.683465 0.039387 0.728920
vn -0.907694 0.125826 0.400324
vn -0.712379 0.035356 0.700904
vn -0.391346 -0.035568 0.919556
vn -0.363721 -0.075966 0.928405
vn -0.683465 0.039387 0.728920
vn -0.907694 0.125826 0.400324
vn -0.683465 0.039387 0.728920
vn -0.639016 0.028601 0.768661
vn -0.872054 0.145983 0.467130
vn -0.683465 0.039387 0.728920
vn -0.363721 -0.075966 0.928405
vn -0.368190 -0.132399 0.920275
vn -0.639016 0.028601 0.768661
vn -0.972767 0.189506 -0.133458
vn -0.969531 0.181422 0.164611
vn -0.947417 0.194716 0.253944
vn -0.976502 0.210652 0.045494
vn -0.969531 0.181422 0.164611
vn -0.872054 0.145983 0.467130
vn -0.826346 0.121467 0.549908
vn -0.947417 0.194716 0.253944
vn -0.976502 0.210652 0.045494
vn -0.947417 0.194716 0.253944
vn -0.919979 0.219712 0.324600
vn -0.955947 0.253038 0.148784
vn -0.947417 0.194716 0.253944
vn -0.826346 0.121467 0.549908
vn -0.766962 0.126685 0.629063
vn -0.919979 0.219712 0.324600
vn -0.872054 0.145983 0.467130
vn -0.639016 0.028601 0.768661
vn -0.551510 -0.035445 0.833415
vn -0.826346 0.121467 0.549908
vn -0.639016 0.028601 0.768661
vn -0.368190 -0.132399 0.920275
vn -0.351584 -0.182312 0.918233
vn -0.551510 -0.035445 0.833415
vn -0.826346 0.121467 0.549908
vn -0.551510 -0.035445 0.833415
vn -0.409721 -0.064455 0.909931
vn -0.766962 0.126685 0.629063
vn -0.551510 -0.035445 0.833415
vn -0.351584 -0.182312 0.918233
vn -0.192246 -0.231980 0.953534
vn -0.409721 -0.064455 0.909931
vn 0.593426 0.229405 -0.771504
vn 0.680191 0.659462 -0.320078
vn 0.968595 0.248602 0.004618
vn 0.840766 -0.046574 -0.539392
vn 0.680191 0.659462 -0.320078
vn 0.577307 0.816239 0.021690
vn 0.870841 0.346097 0.349076
vn 0.968595 0.248602 0.004618
vn 0.840766 -0.046574 -0.539392
vn 0.968595 0.248602 0.004618
vn 0.923078 -0.278611 0.265146
vn 0.917661 -0.368594 -0.148448
vn 0.968595 0.248602 0.004618
vn 0.870841 0.346097 0.349076
vn 0.823797 -0.206269 0.528026
vn 0.923078 -0.278611 0.265146
vn 0.953286 -0.300352 0.032154
vn 0.946673 -0.215793 -0.239255
vn 0.922759 -0.306251 -0.233936
vn 0.892900 -0.409614 -0.186939
vn 0.946673 -0.215793 -0.239255
vn 0.694800 -0.026671 -0.718708
vn 0.783128 -0.208442 -0.585886
vn 0.922759 -0.306251 -0.233936
vn 0.892900 -0.409614 -0.186939
vn 0.922759 -0.306251 -0.233936
vn 0.905420 -0.288300 -0.311605
vn 0.737238 -0.364907 -0.568615
vn 0.922759 -0.306251 -0.233936
vn 0.783128 -0.208442 -0.585886
vn 0.880957 -0.316245 -0.351999
vn 0.905420 -0.288300 -0.311605
vn 0.944122 -0.309359 -0.113713
vn 0.944236 -0.327733 0.031785
vn 0.840859 -0.476631 -0.256474
vn 0.816672 -0.418555 -0.397313
vn 0.944236 -0.327733 0.031785
vn 0.953286 -0.300352 0.032154
vn 0.892900 -0.409614 -0.186939
vn 0.840859 -0.476631 -0.256474
vn 0.816672 -0.418555 -0.397313
vn 0.840859 -0.476631 -0.256474
vn 0.611649 -0.496979 -0.615547
vn 0.533465 -0.470436 -0.702926
vn 0.840859 -0.476631 -0.256474
vn 0.892900 -0.409614 -0.186939
vn 0.737238 -0.364907 -0.568615
vn 0.611649 -0.496979 -0.615547
vn 0.454706 -0.465277 -0.759447
vn 0.612257 -0.400438 -0.681756
vn 0.415107 -0.085178 -0.905777
vn 0.372274 -0.084664 -0.924253
vn 0.612257 -0.400438 -0.681756
vn 0.880957 -0.316245 -0.351999
vn 0.783128 -0.208442 -0.585886
vn 0.415107 -0.085178 -0.905777
vn 0.372274 -0.084664 -0.924253
vn 0.415107 -0.085178 -0.905777
vn 0.348862 0.203769 -0.914753
vn 0.410373 0.258794 -0.874425
vn 0.415107 -0.085178 -0.905777
vn 0.783128 -0.208442 -0.585886
vn 0.694800 -0.026671 -0.718708
vn 0.348862 0.203769 -0.914753
vn 0.898301 -0.029653 -0.438378
vn 0.989932 0.130756 -0.054194
vn 0.803878 -0.575479 0.150348
vn 0.505226 -0.681915 -0.528903
vn 0.989932 0.130756 -0.054194
vn 0.909486 0.259057 0.325154
vn 0.650114 -0.161629 0.742447
vn 0.803878 -0.575479 0.150348
vn 0.505226 -0.681915 -0.528903
vn 0.803878 -0.575479 0.150348
vn -0.059204 -0.957347 0.282809
vn -0.143221 -0.955823 -0.256690
vn 0.803878 -0.575479 0.150348
vn 0.650114 -0.161629 0.742447
vn -0.000044 -0.641317 0.767276
vn -0.059204 -0.957347 0.282809
vn 0.350881 -0.854860 -0.382227
vn 0.781312 -0.375387 -0.498635
vn 0.919461 -0.370671 0.131131
vn 0.337805 -0.935601 0.102656
vn 0.781312 -0.375387 -0.498635
vn 0.898195 0.230987 -0.374020
vn 0.946012 0.316025 0.072046
vn 0.919461 -0.370671 0.131131
vn 0.337805 -0.935601 0.102656
vn 0.919461 -0.370671 0.131131
vn 0.650447 -0.233340 0.722821
vn 0.241380 -0.769511 0.591260
vn 0.919461 -0.370671 0.131131
vn 0.946012 0.316025 0.072046
vn 0.800239 0.314425 0.510641
vn 0.650447 -0.233340 0.722821
vn 0.839018 0.543129 0.032552
vn 0.856457 0.179492 0.484009
vn 0.944236 -0.328481 -0.022751
vn 0.865683 0.264547 -0.424979
vn 0.856457 0.179492 0.484009
vn 0.568970 -0.293494 0.768202
vn 0.514461 -0.751230 0.413502
vn 0.944236 -0.328481 -0.022751
vn 0.865683 0.264547 -0.424979
vn 0.944236 -0.328481 -0.022751
vn 0.560215 -0.651955 -0.510994
vn 0.627854 -0.125160 -0.768202
vn 0.944236 -0.328481 -0.022751
vn 0.514461 -0.751230 0.413502
vn 0.323747 -0.943548 -0.070041
vn 0.560215 -0.651955 -0.510994
vn 0.967007 0.138095 0.214075
vn 0.730325 -0.194037 0.654962
vn 0.756658 -0.644136 0.112064
vn 0.968619 -0.083526 -0.234096
vn 0.730325 -0.194037 0.654962
vn 0.138387 -0.528102 0.837829
vn 0.016532 -0.895395 0.444966
vn 0.756658 -0.644136 0.112064
vn 0.968619 -0.083526 -0.234096
vn 0.756658 -0.644136 0.112064
vn 0.410909 -0.768874 -0.489884
vn 0.727023 -0.278750 -0.627484
vn 0.756658 -0.644136 0.112064
vn 0.016532 -0.895395 0.444966
vn -0.113504 -0.990186 -0.081537
vn 0.410909 -0.768874 -0.489884
vn 0.737238 -0.364907 -0.568615
vn 0.905420 -0.288300 -0.311605
vn 0.897601 -0.191386 -0.397094
vn 0.667243 -0.193752 -0.719199
vn 0.905420 -0.288300 -0.311605
vn 0.880957 -0.316245 -0.351999
vn 0.952430 -0.190433 -0.237933
vn 0.897601 -0.191386 -0.397094
vn 0.667243 -0.193752 -0.719199
vn 0.897601 -0.191386 -0.397094
vn 0.887260 -0.083354 -0.453676
vn 0.611112 -0.087463 -0.786697
vn 0.897601 -0.191386 -0.397094
vn 0.952430 -0.190433 -0.237933
vn 0.972854 -0.084152 -0.215579
vn 0.887260 -0.083354 -0.453676
vn 0.994257 -0.075264 0.076078
vn 0.995746 -0.069581 0.060399
vn 0.950914 -0.304232 0.056627
vn 0.726048 -0.020156 0.687349
vn 0.995746 -0.069581 0.060399
vn 0.997114 -0.050750 0.056459
vn 0.811067 -0.244774 -0.531278
vn 0.950914 -0.304232 0.056627
vn 0.726048 -0.020156 0.687349
vn 0.950914 -0.304232 0.056627
vn 0.753322 -0.654545 0.063853
vn 0.461931 -0.289733 0.838257
vn 0.950914 -0.304232 0.056627
vn 0.811067 -0.244774 -0.531278
vn 0.528508 -0.549466 -0.647122
vn 0.753322 -0.654545 0.063853
vn 0.997114 -0.050750 0.056459
vn 0.469549 0.870710 -0.146244
vn 0.246678 0.160656 -0.955688
vn 0.811067 -0.244774 -0.531278
vn 0.469549 0.870710 -0.146244
vn -0.590052 0.746755 -0.306912
vn -0.425180 0.599973 -0.677683
vn 0.246678 0.160656 -0.955688
vn 0.811067 -0.244774 -0.531278
vn 0.246678 0.160656 -0.955688
vn 0.095641 -0.084692 -0.991807
vn 0.528508 -0.549466 -0.647122
vn 0.246678 0.160656 -0.955688
vn -0.425180 0.599973 -0.677683
vn -0.431267 0.480477 -0.763643
vn 0.095641 -0.084692 -0.991807
vn 0.996016 0.025223 -0.085535
vn 0.985834 -0.156339 0.060737
vn 0.913979 -0.234657 0.331027
vn 0.704326 0.219294 0.675156
vn 0.985834 -0.156339 0.060737
vn 0.767513 -0.439127 -0.467004
vn 0.780607 -0.517798 -0.350055
vn 0.913979 -0.234657 0.331027
vn 0.704326 0.219294 0.675156
vn 0.913979 -0.234657 0.331027
vn 0.736118 -0.410728 0.537990
vn 0.317632 -0.036221 0.947522
vn 0.913979 -0.234657 0.331027
vn 0.780607 -0.517798 -0.350055
vn 0.778823 -0.579225 -0.240696
vn 0.736118 -0.410728 0.537990
vn 0.767513 -0.439127 -0.467004
vn 0.218127 -0.327311 -0.919395
vn 0.223736 -0.404197 -0.886886
vn 0.780607 -0.517798 -0.350055
vn 0.218127 -0.327311 -0.919395
vn -0.384771 0.053682 -0.921450
vn -0.418049 0.012852 -0.908334
vn 0.223736 -0.404197 -0.886886
vn 0.780607 -0.517798 -0.350055
vn 0.223736 -0.404197 -0.886886
vn 0.280091 -0.437630 -0.854417
vn 0.778823 -0.579225 -0.240696
vn 0.223736 -0.404197 -0.886886
vn -0.418049 0.012852 -0.908334
vn -0.411781 0.010309 -0.911225
vn 0.280091 -0.437630 -0.854417
vn 0.296540 -0.466466 0.833350
vn 0.491008 -0.868117 0.072687
vn 0.427482 -0.898773 0.097297
vn 0.300657 -0.503651 0.809901
vn 0.491008 -0.868117 0.072687
vn 0.336822 -0.712380 -0.615683
vn 0.293898 -0.759395 -0.580468
vn 0.427482 -0.898773 0.097297
vn 0.300657 -0.503651 0.809901
vn 0.427482 -0.898773 0.097297
vn 0.222732 -0.966819 0.125109
vn 0.192758 -0.573911 0.795909
vn 0.427482 -0.898773 0.097297
vn 0.293898 -0.759395 -0.580468
vn 0.147122 -0.836060 -0.528544
vn 0.222732 -0.966819 0.125109
vn 0.336822 -0.712380 -0.615683
vn 0.049905 -0.155794 -0.986528
vn 0.056285 -0.146143 -0.987661
vn 0.293898 -0.759395 -0.580468
vn 0.049905 -0.155794 -0.986528
vn -0.273356 0.576095 -0.770319
vn -0.172287 0.637880 -0.750617
vn 0.056285 -0.146143 -0.987661
vn 0.293898 -0.759395 -0.580468
vn 0.056285 -0.146143 -0.987661
vn 0.049517 -0.186642 -0.981179
vn 0.147122 -0.836060 -0.528544
vn 0.056285 -0.146143 -0.987661
vn -0.172287 0.637880 -0.750617
vn -0.043555 0.681419 -0.730596
vn 0.049517 -0.186642 -0.981179
vn 0.186024 -0.128364 0.974124
vn 0.546925 -0.623346 0.558849
vn 0.447953 -0.700671 0.555336
vn 0.181177 -0.132746 0.974450
vn 0.546925 -0.623346 0.558849
vn 0.626019 -0.758533 -0.180906
vn 0.478172 -0.864208 -0.156513
vn 0.447953 -0.700671 0.555336
vn 0.181177 -0.132746 0.974450
vn 0.447953 -0.700671 0.555336
vn 0.317727 -0.762847 0.563128
vn 0.199215 -0.144419 0.969256
vn 0.447953 -0.700671 0.555336
vn 0.478172 -0.864208 -0.156513
vn 0.284059 -0.951091 -0.121393
vn 0.317727 -0.762847 0.563128
vn 0.626019 -0.758533 -0.180906
vn 0.319816 -0.492536 -0.809399
vn 0.272113 -0.552637 -0.787748
vn 0.478172 -0.864208 -0.156513
vn 0.319816 -0.492536 -0.809399
vn -0.192059 0.135597 -0.971971
vn -0.082081 0.156760 -0.984220
vn 0.272113 -0.552637 -0.787748
vn 0.478172 -0.864208 -0.156513
vn 0.272113 -0.552637 -0.787748
vn 0.143716 -0.626062 -0.766415
vn 0.284059 -0.951091 -0.121393
vn 0.272113 -0.552637 -0.787748
vn -0.082081 0.156760 -0.984220
vn -0.037690 0.151550 -0.987731
vn 0.143716 -0.626062 -0.766415
vn -0.153846 -0.593317 0.790131
vn -0.292289 -0.944581 0.149446
vn -0.488548 -0.858412 0.156364
vn -0.299394 -0.537103 0.788596
vn -0.292289 -0.944581 0.149446
vn -0.264594 -0.842502 -0.469235
vn -0.449956 -0.773154 -0.446960
vn -0.488548 -0.858412 0.156364
vn -0.299394 -0.537103 0.788596
vn -0.488548 -0.858412 0.156364
vn -0.681043 -0.712476 0.168993
vn -0.441871 -0.425569 0.789710
vn -0.488548 -0.858412 0.156364
vn -0.449956 -0.773154 -0.446960
vn -0.587978 -0.689231 -0.423370
vn -0.681043 -0.712476 0.168993
vn -0.264594 -0.842502 -0.469235
vn -0.047226 -0.286387 -0.956949
vn -0.099962 -0.309568 -0.945609
vn -0.449956 -0.773154 -0.446960
vn -0.047226 -0.286387 -0.956949
vn 0.283738 0.616255 -0.734658
vn 0.392415 0.540369 -0.744320
vn -0.099962 -0.309568 -0.945609
vn -0.449956 -0.773154 -0.446960
vn -0.099962 -0.309568 -0.945609
vn -0.151257 -0.334204 -0.930284
vn -0.587978 -0.689231 -0.423370
vn -0.099962 -0.309568 -0.945609
vn 0.392415 0.540369 -0.744320
vn 0.536809 0.387949 -0.749221
vn -0.151257 -0.334204 -0.930284
vn 0.046424 -0.140490 0.988993
vn -0.108520 -0.775314 0.622183
vn -0.308282 -0.716364 0.625928
vn -0.037018 -0.114403 0.992745
vn -0.108520 -0.775314 0.622183
vn -0.141774 -0.987806 -0.064337
vn -0.365215 -0.929960 -0.042339
vn -0.308282 -0.716364 0.625928
vn -0.037018 -0.114403 0.992745
vn -0.308282 -0.716364 0.625928
vn -0.312236 -0.715290 0.625195
vn -0.041989 -0.101811 0.993917
vn -0.308282 -0.716364 0.625928
vn -0.365215 -0.929960 -0.042339
vn -0.363766 -0.930281 -0.047448
vn -0.312236 -0.715290 0.625195
vn -0.141774 -0.987806 -0.064337
vn -0.047308 -0.651351 -0.757300
vn -0.188502 -0.652943 -0.733575
vn -0.365215 -0.929960 -0.042339
vn -0.047308 -0.651351 -0.757300
vn 0.022149 0.153181 -0.987950
vn 0.081379 0.111130 -0.990469
vn -0.188502 -0.652943 -0.733575
vn -0.365215 -0.929960 -0.042339
vn -0.188502 -0.652943 -0.733575
vn -0.198259 -0.659735 -0.724874
vn -0.363766 -0.930281 -0.047448
vn -0.188502 -0.652943 -0.733575
vn 0.081379 0.111130 -0.990469
vn 0.121590 0.068078 -0.990243
vn -0.198259 -0.659735 -0.724874
vn -0.368190 -0.132399 0.920275
vn -0.363721 -0.075966 0.928405
vn -0.055293 -0.166198 0.984541
vn -0.102889 -0.298596 0.948817
vn -0.363721 -0.075966 0.928405
vn -0.391346 -0.035568 0.919556
vn -0.084508 -0.067574 0.994129
vn -0.055293 -0.166198 0.984541
vn -0.102889 -0.298596 0.948817
vn -0.055293 -0.166198 0.984541
vn 0.303237 -0.245753 0.920681
vn 0.211451 -0.462888 0.860827
vn -0.055293 -0.166198 0.984541
vn -0.084508 -0.067574 0.994129
vn 0.292852 -0.090889 0.951828
vn 0.303237 -0.245753 0.920681
vn -0.777455 0.344839 -0.525975
vn -0.847428 0.384483 -0.366112
vn -0.731852 0.538466 -0.417668
vn -0.672949 0.467098 -0.573549
vn -0.847428 0.384483 -0.366112
vn -0.883759 0.410375 -0.224860
vn -0.741652 0.605269 -0.289139
vn -0.731852 0.538466 -0.417668
vn -0.672949 0.467098 -0.573549
vn -0.731852 0.538466 -0.417668
vn -0.655048 0.623973 -0.426110
vn -0.510122 0.553801 -0.658088
vn -0.731852 0.538466 -0.417668
vn -0.741652 0.605269 -0.289139
vn -0.590052 0.746755 -0.306912
vn -0.655048 0.623973 -0.426110
vn -0.359684 0.053906 -0.931516
vn -0.690513 0.257375 -0.675981
vn -0.657983 0.342324 -0.670725
vn -0.375992 0.049728 -0.925287
vn -0.690513 0.257375 -0.675981
vn -0.777455 0.344839 -0.525975
vn -0.672949 0.467098 -0.573549
vn -0.657983 0.342324 -0.670725
vn -0.375992 0.049728 -0.925287
vn -0.657983 0.342324 -0.670725
vn -0.638673 0.421361 -0.643857
vn -0.384771 0.053682 -0.921450
vn -0.657983 0.342324 -0.670725
vn -0.672949 0.467098 -0.573549
vn -0.510122 0.553801 -0.658088
vn -0.638673 0.421361 -0.643857
vn 0.711703 -0.345636 -0.611568
vn 0.212342 -0.221879 -0.951672
vn 0.211849 -0.271848 -0.938733
vn 0.746654 -0.387224 -0.540893
vn 0.212342 -0.221879 -0.951672
vn -0.359684 0.053906 -0.931516
vn -0.375992 0.049728 -0.925287
vn 0.211849 -0.271848 -0.938733
vn 0.746654 -0.387224 -0.540893
vn 0.211849 -0.271848 -0.938733
vn 0.218127 -0.327311 -0.919395
vn 0.767513 -0.439127 -0.467004
vn 0.211849 -0.271848 -0.938733
vn -0.375992 0.049728 -0.925287
vn -0.384771 0.053682 -0.921450
vn 0.218127 -0.327311 -0.919395
vn 0.969269 -0.241398 0.047380
vn 0.937695 -0.301348 -0.172969
vn 0.962755 -0.258397 -0.079592
vn 0.990510 -0.123752 0.059787
vn 0.937695 -0.301348 -0.172969
vn 0.711703 -0.345636 -0.611568
vn 0.746654 -0.387224 -0.540893
vn 0.962755 -0.258397 -0.079592
vn 0.990510 -0.123752 0.059787
vn 0.962755 -0.258397 -0.079592
vn 0.985834 -0.156339 0.060737
vn 0.996016 0.025223 -0.085535
vn 0.962755 -0.258397 -0.079592
vn 0.746654 -0.387224 -0.540893
vn 0.767513 -0.439127 -0.467004
vn 0.985834 -0.156339 0.060737
vn 0.965014 -0.252851 0.069383
vn 0.964027 -0.244536 0.104183
vn 0.991874 -0.114292 0.055893
vn 0.991028 -0.122298 0.053917
vn 0.964027 -0.244536 0.104183
vn 0.969269 -0.241398 0.047380
vn 0.990510 -0.123752 0.059787
vn 0.991874 -0.114292 0.055893
vn 0.991028 -0.122298 0.053917
vn 0.991874 -0.114292 0.055893
vn 0.992451 -0.108117 0.057887
vn 0.997114 -0.050750 0.056459
vn 0.991874 -0.114292 0.055893
vn 0.990510 -0.123752 0.059787
vn 0.996016 0.025223 -0.085535
vn 0.992451 -0.108117 0.057887
vn 0.978415 -0.205247 0.024025
vn 0.965714 -0.256839 0.037818
vn 0.986764 -0.147386 0.067636
vn 0.978131 -0.164318 0.127517
vn 0.965714 -0.256839 0.037818
vn 0.965014 -0.252851 0.069383
vn 0.991028 -0.122298 0.053917
vn 0.986764 -0.147386 0.067636
vn 0.978131 -0.164318 0.127517
vn 0.986764 -0.147386 0.067636
vn 0.995746 -0.069581 0.060399
vn 0.994257 -0.075264 0.076078
vn 0.986764 -0.147386 0.067636
vn 0.991028 -0.122298 0.053917
vn 0.997114 -0.050750 0.056459
vn 0.995746 -0.069581 0.060399
vn 0.677743 -0.186591 0.711230
vn 0.958056 -0.203111 0.202174
vn 0.942809 -0.219003 0.251294
vn 0.632101 -0.243084 0.735771
vn 0.958056 -0.203111 0.202174
vn 0.978415 -0.205247 0.024025
vn 0.978131 -0.164318 0.127517
vn 0.942809 -0.219003 0.251294
vn 0.632101 -0.243084 0.735771
vn 0.942809 -0.219003 0.251294
vn 0.950595 -0.263291 0.164460
vn 0.654546 -0.233942 0.718916
vn 0.942809 -0.219003 0.251294
vn 0.978131 -0.164318 0.127517
vn 0.994257 -0.075264 0.076078
vn 0.950595 -0.263291 0.164460
vn 0.654546 -0.233942 0.718916
vn -0.043918 0.100958 0.993921
vn -0.070214 -0.000942 0.997531
vn 0.632101 -0.243084 0.735771
vn -0.043918 0.100958 0.993921
vn -0.536526 0.404407 0.740672
vn -0.581174 0.269098 0.767999
vn -0.070214 -0.000942 0.997531
vn 0.632101 -0.243084 0.735771
vn -0.070214 -0.000942 0.997531
vn -0.070351 -0.003320 0.997517
vn 0.677743 -0.186591 0.711230
vn -0.070214 -0.000942 0.997531
vn -0.581174 0.269098 0.767999
vn -0.598784 0.182784 0.779774
vn -0.070351 -0.003320 0.997517
vn -0.921729 0.355428 0.155200
vn -0.864631 0.331927 0.377144
vn -0.798340 0.521871 0.300505
vn -0.805292 0.568373 0.168692
vn -0.864631 0.331927 0.377144
vn -0.598784 0.182784 0.779774
vn -0.581174 0.269098 0.767999
vn -0.798340 0.521871 0.300505
vn -0.805292 0.568373 0.168692
vn -0.798340 0.521871 0.300505
vn -0.719939 0.659269 0.216915
vn -0.632627 0.753618 0.178449
vn -0.798340 0.521871 0.300505
vn -0.581174 0.269098 0.767999
vn -0.536526 0.404407 0.740672
vn -0.719939 0.659269 0.216915
vn -0.883759 0.410375 -0.224860
vn -0.937670 0.345872 -0.033863
vn -0.816027 0.576370 -0.043558
vn -0.741652 0.605269 -0.289139
vn -0.937670 0.345872 -0.033863
vn -0.921729 0.355428 0.155200
vn -0.805292 0.568373 0.168692
vn -0.816027 0.576370 -0.043558
vn -0.741652 0.605269 -0.289139
vn -0.816027 0.576370 -0.043558
vn -0.708686 0.704278 -0.041908
vn -0.590052 0.746755 -0.306912
vn -0.816027 0.576370 -0.043558
vn -0.805292 0.568373 0.168692
vn -0.632627 0.753618 0.178449
vn -0.708686 0.704278 -0.041908
vn -0.016291 0.512922 -0.858281
vn -0.113358 0.756660 -0.643906
vn 0.282170 0.812180 -0.510631
vn 0.298639 0.399436 -0.866756
vn -0.113358 0.756660 -0.643906
vn -0.217953 0.874458 -0.433381
vn 0.170999 0.953711 -0.247375
vn 0.282170 0.812180 -0.510631
vn 0.298639 0.399436 -0.866756
vn 0.282170 0.812180 -0.510631
vn 0.680191 0.659462 -0.320078
vn 0.593426 0.229405 -0.771504
vn 0.282170 0.812180 -0.510631
vn 0.170999 0.953711 -0.247375
vn 0.577307 0.816239 0.021690
vn 0.680191 0.659462 -0.320078
vn -0.587978 -0.689231 -0.423370
vn -0.151257 -0.334204 -0.930284
vn -0.024940 -0.448057 -0.893657
vn -0.525377 -0.754797 -0.392761
vn -0.151257 -0.334204 -0.930284
vn 0.536809 0.387949 -0.749221
vn 0.661212 0.212614 -0.719440
vn -0.024940 -0.448057 -0.893657
vn -0.525377 -0.754797 -0.392761
vn -0.024940 -0.448057 -0.893657
vn 0.505226 -0.681915 -0.528903
vn -0.143221 -0.955823 -0.256690
vn -0.024940 -0.448057 -0.893657
vn 0.661212 0.212614 -0.719440
vn 0.898301 -0.029653 -0.438378
vn 0.505226 -0.681915 -0.528903
vn -0.441871 -0.425569 0.789710
vn -0.681043 -0.712476 0.168993
vn -0.641386 -0.740886 0.199278
vn -0.391366 -0.440498 0.807957
vn -0.681043 -0.712476 0.168993
vn -0.587978 -0.689231 -0.423370
vn -0.525377 -0.754797 -0.392761
vn -0.641386 -0.740886 0.199278
vn -0.391366 -0.440498 0.807957
vn -0.641386 -0.740886 0.199278
vn -0.059204 -0.957347 0.282809
vn -0.000044 -0.641317 0.767276
vn -0.641386 -0.740886 0.199278
vn -0.525377 -0.754797 -0.392761
vn -0.143221 -0.955823 -0.256690
vn -0.059204 -0.957347 0.282809
vn 0.147122 -0.836060 -0.528544
vn 0.049517 -0.186642 -0.981179
vn 0.007848 -0.250791 -0.968009
vn -0.048720 -0.872009 -0.487059
vn 0.049517 -0.186642 -0.981179
vn -0.043555 0.681419 -0.730596
vn 0.109232 0.670974 -0.733391
vn 0.007848 -0.250791 -0.968009
vn -0.048720 -0.872009 -0.487059
vn 0.007848 -0.250791 -0.968009
vn -0.047226 -0.286387 -0.956949
vn -0.264594 -0.842502 -0.469235
vn 0.007848 -0.250791 -0.968009
vn 0.109232 0.670974 -0.733391
vn 0.283738 0.616255 -0.734658
vn -0.047226 -0.286387 -0.956949
vn 0.192758 -0.573911 0.795909
vn 0.222732 -0.966819 0.125109
vn -0.024565 -0.990087 0.138287
vn 0.023396 -0.609652 0.792324
vn 0.222732 -0.966819 0.125109
vn 0.147122 -0.836060 -0.528544
vn -0.048720 -0.872009 -0.487059
vn -0.024565 -0.990087 0.138287
vn 0.023396 -0.609652 0.792324
vn -0.024565 -0.990087 0.138287
vn -0.292289 -0.944581 0.149446
vn -0.153846 -0.593317 0.790131
vn -0.024565 -0.990087 0.138287
vn -0.048720 -0.872009 -0.487059
vn -0.264594 -0.842502 -0.469235
vn -0.292289 -0.944581 0.149446
vn 0.528508 -0.549466 -0.647122
vn 0.095641 -0.084692 -0.991807
vn 0.076001 -0.123826 -0.989389
vn 0.436403 -0.633594 -0.638836
vn 0.095641 -0.084692 -0.991807
vn -0.431267 0.480477 -0.763643
vn -0.367715 0.525846 -0.766989
vn 0.076001 -0.123826 -0.989389
vn 0.436403 -0.633594 -0.638836
vn 0.076001 -0.123826 -0.989389
vn 0.049905 -0.155794 -0.986528
vn 0.336822 -0.712380 -0.615683
vn 0.076001 -0.123826 -0.989389
vn -0.367715 0.525846 -0.766989
vn -0.273356 0.576095 -0.770319
vn 0.049905 -0.155794 -0.986528
vn 0.461931 -0.289733 0.838257
vn 0.753322 -0.654545 0.063853
vn 0.592977 -0.801896 0.073086
vn 0.344425 -0.398988 0.849812
vn 0.753322 -0.654545 0.063853
vn 0.528508 -0.549466 -0.647122
vn 0.436403 -0.633594 -0.638836
vn 0.592977 -0.801896 0.073086
vn 0.344425 -0.398988 0.849812
vn 0.592977 -0.801896 0.073086
vn 0.491008 -0.868117 0.072687
vn 0.296540 -0.466466 0.833350
vn 0.592977 -0.801896 0.073086
vn 0.436403 -0.633594 -0.638836
vn 0.336822 -0.712380 -0.615683
vn 0.491008 -0.868117 0.072687
vn -0.363766 -0.930281 -0.047448
vn -0.198259 -0.659735 -0.724874
vn -0.030057 -0.693608 -0.719726
vn -0.178250 -0.982058 -0.061556
vn -0.198259 -0.659735 -0.724874
vn 0.121590 0.068078 -0.990243
vn 0.256722 0.015339 -0.966364
vn -0.030057 -0.693608 -0.719726
vn -0.178250 -0.982058 -0.061556
vn -0.030057 -0.693608 -0.719726
vn 0.560215 -0.651955 -0.510994
vn 0.323747 -0.943548 -0.070041
vn -0.030057 -0.693608 -0.719726
vn 0.256722 0.015339 -0.966364
vn 0.627854 -0.125160 -0.768202
vn 0.560215 -0.651955 -0.510994
vn -0.041989 -0.101811 0.993917
vn -0.312236 -0.715290 0.625195
vn -0.127972 -0.777357 0.615905
vn 0.119677 -0.156591 0.980386
vn -0.312236 -0.715290 0.625195
vn -0.363766 -0.930281 -0.047448
vn -0.178250 -0.982058 -0.061556
vn -0.127972 -0.777357 0.615905
vn 0.119677 -0.156591 0.980386
vn -0.127972 -0.777357 0.615905
vn 0.514461 -0.751230 0.413502
vn 0.568970 -0.293494 0.768202
vn -0.127972 -0.777357 0.615905
vn -0.178250 -0.982058 -0.061556
vn 0.323747 -0.943548 -0.070041
vn 0.514461 -0.751230 0.413502
vn 0.284059 -0.951091 -0.121393
vn 0.143716 -0.626062 -0.766415
vn 0.009002 -0.649872 -0.759990
vn 0.061310 -0.994257 -0.087718
vn 0.143716 -0.626062 -0.766415
vn -0.037690 0.151550 -0.987731
vn -0.016015 0.154623 -0.987844
vn 0.009002 -0.649872 -0.759990
vn 0.061310 -0.994257 -0.087718
vn 0.009002 -0.649872 -0.759990
vn -0.047308 -0.651351 -0.757300
vn -0.141774 -0.987806 -0.064337
vn 0.009002 -0.649872 -0.759990
vn -0.016015 0.154623 -0.987844
vn 0.022149 0.153181 -0.987950
vn -0.047308 -0.651351 -0.757300
vn 0.199215 -0.144419 0.969256
vn 0.317727 -0.762847 0.563128
vn 0.118326 -0.793074 0.597522
vn 0.140095 -0.155422 0.977864
vn 0.317727 -0.762847 0.563128
vn 0.284059 -0.951091 -0.121393
vn 0.061310 -0.994257 -0.087718
vn 0.118326 -0.793074 0.597522
vn 0.140095 -0.155422 0.977864
vn 0.118326 -0.793074 0.597522
vn -0.108520 -0.775314 0.622183
vn 0.046424 -0.140490 0.988993
vn 0.118326 -0.793074 0.597522
vn 0.061310 -0.994257 -0.087718
vn -0.141774 -0.987806 -0.064337
vn -0.108520 -0.775314 0.622183
vn 0.778823 -0.579225 -0.240696
vn 0.280091 -0.437630 -0.854417
vn 0.340708 -0.440161 -0.830769
vn 0.741775 -0.640252 -0.199620
vn 0.280091 -0.437630 -0.854417
vn -0.411781 0.010309 -0.911225
vn -0.329311 0.078480 -0.940954
vn 0.340708 -0.440161 -0.830769
vn 0.741775 -0.640252 -0.199620
vn 0.340708 -0.440161 -0.830769
vn 0.319816 -0.492536 -0.809399
vn 0.626019 -0.758533 -0.180906
vn 0.340708 -0.440161 -0.830769
vn -0.329311 0.078480 -0.940954
vn -0.192059 0.135597 -0.971971
vn 0.319816 -0.492536 -0.809399
vn 0.317632 -0.036221 0.947522
vn 0.736118 -0.410728 0.537990
vn 0.664304 -0.496295 0.558921
vn 0.252328 -0.083594 0.964024
vn 0.736118 -0.410728 0.537990
vn 0.778823 -0.579225 -0.240696
vn 0.741775 -0.640252 -0.199620
vn 0.664304 -0.496295 0.558921
vn 0.252328 -0.083594 0.964024
vn 0.664304 -0.496295 0.558921
vn 0.546925 -0.623346 0.558849
vn 0.186024 -0.128364 0.974124
vn 0.664304 -0.496295 0.558921
vn 0.741775 -0.640252 -0.199620
vn 0.626019 -0.758533 -0.180906
vn 0.546925 -0.623346 0.558849
vn 0.577307 0.816239 0.021690
vn 0.170999 0.953711 -0.247375
vn 0.049443 0.997897 0.041915
vn 0.379311 0.863496 0.332413
vn 0.170999 0.953711 -0.247375
vn -0.217953 0.874458 -0.433381
vn -0.303700 0.937212 -0.171465
vn 0.049443 0.997897 0.041915
vn 0.379311 0.863496 0.332413
vn 0.049443 0.997897 0.041915
vn -0.231439 0.865020 0.445169
vn 0.006446 0.701844 0.712302
vn 0.049443 0.997897 0.041915
vn -0.303700 0.937212 -0.171465
vn -0.419366 0.892150 0.167931
vn -0.231439 0.865020 0.445169
vn 0.823797 -0.206269 0.528026
vn 0.870841 0.346097 0.349076
vn 0.668299 0.448842 0.593227
vn 0.689848 -0.091072 0.718203
vn 0.870841 0.346097 0.349076
vn 0.577307 0.816239 0.021690
vn 0.379311 0.863496 0.332413
vn 0.668299 0.448842 0.593227
vn 0.689848 -0.091072 0.718203
vn 0.668299 0.448842 0.593227
vn 0.285762 0.398385 0.871567
vn 0.463428 0.008587 0.886093
vn 0.668299 0.448842 0.593227
vn 0.379311 0.863496 0.332413
vn 0.006446 0.701844 0.712302
vn 0.285762 0.398385 0.871567
vn -0.192246 -0.231980 0.953534
vn -0.351584 -0.182312 0.918233
vn -0.186873 -0.366735 0.911364
vn -0.115885 -0.479390 0.869917
vn -0.351584 -0.182312 0.918233
vn -0.368190 -0.132399 0.920275
vn -0.102889 -0.298596 0.948817
vn -0.186873 -0.366735 0.911364
vn -0.115885 -0.479390 0.869917
vn -0.186873 -0.366735 0.911364
vn 0.087481 -0.610084 0.787492
vn 0.097290 -0.750962 0.653139
vn -0.186873 -0.366735 0.911364
vn -0.102889 -0.298596 0.948817
vn 0.211451 -0.462888 0.860827
vn 0.087481 -0.610084 0.787492
vn 0.983931 -0.002035 -0.178540
vn 0.979440 -0.031219 -0.199304
vn 0.998073 -0.052403 0.033229
vn 0.997233 -0.019443 0.071757
vn 0.979440 -0.031219 -0.199304
vn 0.972854 -0.084152 -0.215579
vn 0.994162 -0.107680 -0.006830
vn 0.998073 -0.052403 0.033229
vn 0.997233 -0.019443 0.071757
vn 0.998073 -0.052403 0.033229
vn 0.938187 -0.067609 0.339461
vn 0.922524 -0.039177 0.383945
vn 0.998073 -0.052403 0.033229
vn 0.994162 -0.107680 -0.006830
vn 0.945783 -0.133167 0.296244
vn 0.938187 -0.067609 0.339461
vn 0.922524 -0.039177 0.383945
vn 0.938187 -0.067609 0.339461
vn 0.682197 -0.059849 0.728715
vn 0.643909 -0.042828 0.763903
vn 0.938187 -0.067609 0.339461
vn 0.945783 -0.133167 0.296244
vn 0.709233 -0.123480 0.694076
vn 0.682197 -0.059849 0.728715
vn 0.643909 -0.042828 0.763903
vn 0.682197 -0.059849 0.728715
vn 0.237951 -0.040955 0.970413
vn 0.184005 -0.025169 0.982603
vn 0.682197 -0.059849 0.728715
vn 0.709233 -0.123480 0.694076
vn 0.292852 -0.090889 0.951828
vn 0.237951 -0.040955 0.970413
vn -0.974730 0.150961 -0.164659
vn -0.979665 0.142013 -0.141734
vn -0.892455 0.108784 -0.437825
vn -0.871456 0.133574 -0.471935
vn -0.979665 0.142013 -0.141734
vn -0.981776 0.141567 -0.126783
vn -0.897605 0.126481 -0.422266
vn -0.892455 0.108784 -0.437825
vn -0.871456 0.133574 -0.471935
vn -0.892455 0.108784 -0.437825
vn -0.537322 0.044684 -0.842193
vn -0.502393 0.083778 -0.860571
vn -0.892455 0.108784 -0.437825
vn -0.897605 0.126481 -0.422266
vn -0.535794 0.056686 -0.842444
vn -0.537322 0.044684 -0.842193
vn 0.571248 0.012976 -0.820675
vn 0.584190 -0.005201 -0.811600
vn 0.884935 -0.014529 -0.465488
vn 0.886029 0.005376 -0.463600
vn 0.584190 -0.005201 -0.811600
vn 0.611112 -0.087463 -0.786697
vn 0.887260 -0.083354 -0.453676
vn 0.884935 -0.014529 -0.465488
vn 0.886029 0.005376 -0.463600
vn 0.884935 -0.014529 -0.465488
vn 0.979440 -0.031219 -0.199304
vn 0.983931 -0.002035 -0.178540
vn 0.884935 -0.014529 -0.465488
vn 0.887260 -0.083354 -0.453676
vn 0.972854 -0.084152 -0.215579
vn 0.979440 -0.031219 -0.199304
vn -0.952295 0.290925 -0.092178
vn -0.938941 0.230747 -0.255236
vn -0.971601 0.212996 -0.103076
vn -0.961611 0.270886 0.043868
vn -0.938941 0.230747 -0.255236
vn -0.899998 0.171094 -0.400913
vn -0.939240 0.162921 -0.302133
vn -0.971601 0.212996 -0.103076
vn -0.961611 0.270886 0.043868
vn -0.971601 0.212996 -0.103076
vn -0.976502 0.210652 0.045494
vn -0.955947 0.253038 0.148784
vn -0.971601 0.212996 -0.103076
vn -0.939240 0.162921 -0.302133
vn -0.972767 0.189506 -0.133458
vn -0.976502 0.210652 0.045494
vn -0.922946 0.109329 0.369077
vn -0.924724 0.109105 0.364668
vn -0.986100 0.144771 0.081542
vn -0.986725 0.145054 0.073026
vn -0.924724 0.109105 0.364668
vn -0.923678 0.108374 0.367525
vn -0.986035 0.138238 0.092876
vn -0.986100 0.144771 0.081542
vn -0.986725 0.145054 0.073026
vn -0.986100 0.144771 0.081542
vn -0.979665 0.142013 -0.141734
vn -0.974730 0.150961 -0.164659
vn -0.986100 0.144771 0.081542
vn -0.986035 0.138238 0.092876
vn -0.981776 0.141567 -0.126783
vn -0.979665 0.142013 -0.141734
vn -0.502393 0.083778 -0.860571
vn -0.537322 0.044684 -0.842193
vn 0.044600 0.000594 -0.999005
vn 0.043509 0.034968 -0.998441
vn -0.537322 0.044684 -0.842193
vn -0.535794 0.056686 -0.842444
vn 0.078399 -0.044426 -0.995932
vn 0.044600 0.000594 -0.999005
vn 0.043509 0.034968 -0.998441
vn 0.044600 0.000594 -0.999005
vn 0.584190 -0.005201 -0.811600
vn 0.571248 0.012976 -0.820675
vn 0.044600 0.000594 -0.999005
vn 0.078399 -0.044426 -0.995932
vn 0.611112 -0.087463 -0.786697
vn 0.584190 -0.005201 -0.811600
vn 0.184005 -0.025169 0.982603
vn 0.237951 -0.040955 0.970413
vn -0.136753 -0.030694 0.990130
vn -0.179031 -0.008581 0.983806
vn 0.237951 -0.040955 0.970413
vn 0.292852 -0.090889 0.951828
vn -0.084508 -0.067574 0.994129
vn -0.136753 -0.030694 0.990130
vn -0.179031 -0.008581 0.983806
vn -0.136753 -0.030694 0.990130
vn -0.424049 -0.013314 0.905541
vn -0.449059 0.009596 0.893451
vn -0.136753 -0.030694 0.990130
vn -0.084508 -0.067574 0.994129
vn -0.391346 -0.035568 0.919556
vn -0.424049 -0.013314 0.905541
vn -0.449059 0.009596 0.893451
vn -0.424049 -0.013314 0.905541
vn -0.722422 0.040289 0.690277
vn -0.725550 0.052074 0.686197
vn -0.424049 -0.013314 0.905541
vn -0.391346 -0.035568 0.919556
vn -0.712379 0.035356 0.700904
vn -0.722422 0.040289 0.690277
vn -0.725550 0.052074 0.686197
vn -0.722422 0.040289 0.690277
vn -0.924724 0.109105 0.364668
vn -0.922946 0.109329 0.369077
vn -0.722422 0.040289 0.690277
vn -0.712379 0.035356 0.700904
vn -0.923678 0.108374 0.367525
vn -0.924724 0.109105 0.364668
vn 0.410373 0.258794 -0.874425
vn 0.348862 0.203769 -0.914753
vn 0.611612 0.268242 -0.744296
vn 0.640302 0.402643 -0.654135
vn 0.348862 0.203769 -0.914753
vn 0.694800 -0.026671 -0.718708
vn 0.727236 0.025051 -0.685930
vn 0.611612 0.268242 -0.744296
vn 0.640302 0.402643 -0.654135
vn 0.611612 0.268242 -0.744296
vn 0.906281 0.072304 -0.416446
vn 0.903824 0.223732 -0.364754
vn 0.611612 0.268242 -0.744296
vn 0.727236 0.025051 -0.685930
vn 0.881606 -0.055789 -0.468678
vn 0.906281 0.072304 -0.416446
vn 0.562526 0.732004 0.384362
vn 0.495320 0.862703 -0.101986
vn 0.968554 0.213024 -0.128545
vn 0.914149 0.003802 0.405360
vn 0.495320 0.862703 -0.101986
vn 0.446461 0.813496 -0.372688
vn 0.830767 0.447191 -0.331431
vn 0.968554 0.213024 -0.128545
vn 0.914149 0.003802 0.405360
vn 0.968554 0.213024 -0.128545
vn 0.997439 -0.070788 0.010230
vn 0.677743 -0.186591 0.711230
vn 0.968554 0.213024 -0.128545
vn 0.830767 0.447191 -0.331431
vn 0.903824 0.223732 -0.364754
vn 0.997439 -0.070788 0.010230
vn 0.470651 0.317311 -0.823287
vn 0.456499 -0.079082 -0.886203
vn 0.475393 -0.103838 -0.873624
vn 0.568531 0.247374 -0.784589
vn 0.456499 -0.079082 -0.886203
vn 0.415890 -0.464208 -0.782015
vn 0.400316 -0.481017 -0.779981
vn 0.475393 -0.103838 -0.873624
vn 0.568531 0.247374 -0.784589
vn 0.475393 -0.103838 -0.873624
vn 0.372274 -0.084664 -0.924253
vn 0.410373 0.258794 -0.874425
vn 0.475393 -0.103838 -0.873624
vn 0.400316 -0.481017 -0.779981
vn 0.454706 -0.465277 -0.759447
vn 0.372274 -0.084664 -0.924253
vn 0.415890 -0.464208 -0.782015
vn 0.357098 -0.734926 -0.576511
vn 0.355674 -0.750826 -0.556557
vn 0.400316 -0.481017 -0.779981
vn 0.357098 -0.734926 -0.576511
vn 0.309707 -0.891758 -0.329923
vn 0.345416 -0.894240 -0.284646
vn 0.355674 -0.750826 -0.556557
vn 0.400316 -0.481017 -0.779981
vn 0.355674 -0.750826 -0.556557
vn 0.517916 -0.731862 -0.442879
vn 0.454706 -0.465277 -0.759447
vn 0.355674 -0.750826 -0.556557
vn 0.345416 -0.894240 -0.284646
vn 0.500819 -0.860172 -0.096354
vn 0.517916 -0.731862 -0.442879
vn 0.309707 -0.891758 -0.329923
vn 0.256242 -0.965976 0.035081
vn 0.284788 -0.952381 0.108937
vn 0.345416 -0.894240 -0.284646
vn 0.256242 -0.965976 0.035081
vn 0.170231 -0.845166 0.506671
vn 0.136854 -0.824490 0.549079
vn 0.284788 -0.952381 0.108937
vn 0.345416 -0.894240 -0.284646
vn 0.284788 -0.952381 0.108937
vn 0.350629 -0.889586 0.292740
vn 0.500819 -0.860172 -0.096354
vn 0.284788 -0.952381 0.108937
vn 0.136854 -0.824490 0.549079
vn 0.097290 -0.750962 0.653139
vn 0.350629 -0.889586 0.292740
vn -0.192246 -0.231980 0.953534
vn -0.115885 -0.479390 0.869917
vn -0.023305 -0.526234 0.850021
vn -0.084209 -0.249311 0.964755
vn -0.115885 -0.479390 0.869917
vn 0.097290 -0.750962 0.653139
vn 0.136854 -0.824490 0.549079
vn -0.023305 -0.526234 0.850021
vn -0.084209 -0.249311 0.964755
vn -0.023305 -0.526234 0.850021
vn 0.098374 -0.522237 0.847108
vn 0.079055 -0.246061 0.966025
vn -0.023305 -0.526234 0.850021
vn 0.136854 -0.824490 0.549079
vn 0.170231 -0.845166 0.506671
vn 0.098374 -0.522237 0.847108
vn 0.677743 -0.186591 0.711230
vn 0.997439 -0.070788 0.010230
vn 0.992207 -0.122906 -0.020472
vn 0.958056 -0.203111 0.202174
vn 0.997439 -0.070788 0.010230
vn 0.903824 0.223732 -0.364754
vn 0.906281 0.072304 -0.416446
vn 0.992207 -0.122906 -0.020472
vn 0.958056 -0.203111 0.202174
vn 0.992207 -0.122906 -0.020472
vn 0.966489 -0.146478 -0.210816
vn 0.978415 -0.205247 0.024025
vn 0.992207 -0.122906 -0.020472
vn 0.906281 0.072304 -0.416446
vn 0.881606 -0.055789 -0.468678
vn 0.966489 -0.146478 -0.210816
vn -0.045804 -0.021010 0.998729
vn 0.156674 0.020724 0.987433
vn 0.444213 0.003645 0.895914
vn 0.176056 -0.017630 0.984222
vn 0.156674 0.020724 0.987433
vn 0.172637 0.197652 0.964951
vn 0.358100 0.418535 0.834621
vn 0.444213 0.003645 0.895914
vn 0.176056 -0.017630 0.984222
vn 0.444213 0.003645 0.895914
vn 0.914149 0.003802 0.405360
vn 0.677743 -0.186591 0.711230
vn 0.444213 0.003645 0.895914
vn 0.358100 0.418535 0.834621
vn 0.562526 0.732004 0.384362
vn 0.914149 0.003802 0.405360
vn -0.689947 0.142730 0.709648
vn -0.727051 0.150705 0.669840
vn -0.385887 0.021234 0.922302
vn -0.346406 0.056635 0.936373
vn -0.727051 0.150705 0.669840
vn -0.766962 0.126685 0.629063
vn -0.409721 -0.064455 0.909931
vn -0.385887 0.021234 0.922302
vn -0.346406 0.056635 0.936373
vn -0.385887 0.021234 0.922302
vn -0.105303 -0.090438 0.990319
vn -0.045804 -0.021010 0.998729
vn -0.385887 0.021234 0.922302
vn -0.409721 -0.064455 0.909931
vn -0.192246 -0.231980 0.953534
vn -0.105303 -0.090438 0.990319
vn -0.045804 -0.021010 0.998729
vn -0.105303 -0.090438 0.990319
vn -0.011472 -0.060167 0.998123
vn 0.156674 0.020724 0.987433
vn -0.105303 -0.090438 0.990319
vn -0.192246 -0.231980 0.953534
vn -0.084209 -0.249311 0.964755
vn -0.011472 -0.060167 0.998123
vn 0.156674 0.020724 0.987433
vn -0.011472 -0.060167 0.998123
vn 0.098809 -0.024923 0.994794
vn 0.172637 0.197652 0.964951
vn -0.011472 -0.060167 0.998123
vn -0.084209 -0.249311 0.964755
vn 0.079055 -0.246061 0.966025
vn 0.098809 -0.024923 0.994794
vn 0.013451 -0.990879 0.134079
vn 0.013182 -0.988737 0.149082
vn 0.005666 -0.989587 0.143821
vn 0.017036 -0.988942 0.147320
vn 0.021643 -0.989667 0.141739
vn 0.013182 -0.989516 0.143819
vn -0.000554 -0.989344 0.145595
vn -0.008144 -0.989591 0.143679
vn -0.010081 -0.989672 0.142996
vn -0.009527 -0.989088 0.147021
vn -0.010701 -0.988135 0.153214
vn -0.012554 -0.987520 0.156990
vn -0.003020 -0.988330 0.152299
vn 0.021914 -0.989318 0.144118
vn 0.036210 -0.989273 0.141520
vn 0.024096 -0.990722 0.133752
vn 0.012831 -0.992067 0.125050
s off
g Avatar_hand
usemtl pasted__KnightSG3
f 528/1/1 1/2/2 529/3/3 263/4/4
f 263/4/5 529/3/6 2/9/7 530/10/8
f 1/2/9 531/7/10 264/8/11 529/3/12
f 531/7/13 3/14/14 532/15/15 264/8/16
f 529/3/17 264/8/18 533/16/19 2/9/20
f 264/8/21 532/15/22 4/23/23 533/16/24
f 530/10/25 2/9/26 534/17/27 265/18/28
f 265/900/29 534/901/30 5/902/31 535/903/32
f 2/9/33 533/16/34 266/24/35 534/17/36
f 533/16/37 4/23/38 536/30/39 266/24/40
f 534/901/41 266/904/42 537/905/43 5/902/44
f 266/904/45 536/908/46 6/909/47 537/905/48
f 535/903/49 5/902/50 538/906/51 267/907/52
f 267/444/53 538/445/54 7/439/55 539/438/56
f 5/902/57 537/905/58 268/910/59 538/906/60
f 537/905/61 6/909/62 540/913/63 268/910/64
f 538/445/65 268/452/66 541/446/67 7/439/68
f 268/452/69 540/458/70 8/453/71 541/446/72
f 539/438/73 7/439/74 542/435/75 269/434/76
f 269/434/77 542/435/78 9/436/79 543/437/80
f 7/439/81 541/446/82 270/440/83 542/435/84
f 541/446/85 8/453/86 544/447/87 270/440/88
f 542/435/89 270/440/90 545/441/91 9/436/92
f 270/440/93 544/447/94 10/448/95 545/441/96
f 543/437/97 9/436/98 546/442/99 271/443/100
f 271/443/101 546/442/102 11/450/103 547/451/104
f 9/436/105 545/441/106 272/449/107 546/442/108
f 545/441/109 10/448/110 548/456/111 272/449/112
f 546/442/113 272/449/114 549/457/115 11/450/116
f 272/449/117 548/456/118 12/463/119 549/457/120
f 547/1013/121 11/1014/122 550/1015/123 273/1016/124
f 273/1016/125 550/1015/126 13/1019/127 551/1020/128
f 11/1014/129 549/1017/130 274/1018/131 550/1015/132
f 549/1017/133 12/1021/134 552/1022/135 274/1018/136
f 550/1015/137 274/1018/138 553/1023/139 13/1019/140
f 274/1018/141 552/1022/142 14/1028/143 553/1023/144
f 551/1020/145 13/1019/146 554/1024/147 275/1025/148
f 275/1025/149 554/1024/150 15/1030/151 555/1031/152
f 13/1019/153 553/1023/154 276/1029/155 554/1024/156
f 553/1023/157 14/1028/158 556/1035/159 276/1029/160
f 554/1024/161 276/1029/162 557/1036/163 15/1030/164
f 276/1029/165 556/1035/166 16/1041/167 557/1036/168
f 555/11/169 15/12/170 558/6/171 277/5/172
f 277/5/173 558/6/174 1/2/175 528/1/176
f 15/12/177 557/19/178 278/13/179 558/6/180
f 557/19/181 16/25/182 559/20/183 278/13/184
f 558/6/185 278/13/186 531/7/187 1/2/188
f 278/13/189 559/20/190 3/14/191 531/7/192
f 14/1028/193 552/1022/194 279/1027/195 562/1034/196
f 552/1022/197 12/1021/198 560/1026/199 279/1027/200
f 562/1034/201 279/1027/202 561/1033/203 18/1039/204
f 279/1027/205 560/1026/206 17/1032/207 561/1033/208
f 12/463/209 548/456/210 280/462/211 560/469/212
f 548/456/213 10/448/214 563/455/215 280/462/216
f 560/469/217 280/462/218 564/468/219 17/474/220
f 280/462/221 563/455/222 19/461/223 564/468/224
f 18/1039/225 561/1033/226 281/1038/227 567/1044/228
f 561/1033/229 17/1032/230 565/1037/231 281/1038/232
f 567/1044/233 281/1038/234 566/1043/235 21/1049/236
f 281/1038/237 565/1037/238 20/1042/239 566/1043/240
f 17/474/241 564/468/242 282/473/243 565/479/244
f 564/468/245 19/461/246 568/467/247 282/473/248
f 565/479/249 282/473/250 569/478/251 20/484/252
f 282/473/253 568/467/254 22/472/255 569/478/256
f 23/42/257 570/36/258 283/38/259 573/44/260
f 570/36/261 24/29/262 571/32/263 283/38/264
f 573/44/265 283/38/266 572/43/267 26/49/268
f 283/38/269 571/32/270 25/37/271 572/43/272
f 24/29/273 574/22/274 284/26/275 571/32/276
f 574/22/277 3/14/278 559/20/279 284/26/280
f 571/32/281 284/26/282 575/31/283 25/37/284
f 284/26/285 559/20/286 16/25/287 575/31/288
f 26/1058/289 572/1054/290 285/1050/291 577/1053/292
f 572/1054/293 25/1051/294 576/1045/295 285/1050/296
f 577/1053/297 285/1050/298 567/1044/299 21/1049/300
f 285/1050/301 576/1045/302 18/1039/303 567/1044/304
f 25/1051/305 575/1046/306 286/1040/307 576/1045/308
f 575/1046/309 16/1041/310 556/1035/311 286/1040/312
f 576/1045/313 286/1040/314 562/1034/315 18/1039/316
f 286/1040/317 556/1035/318 14/1028/319 562/1034/320
f 27/923/321 578/925/322 287/920/323 581/918/324
f 578/925/325 28/930/326 579/926/327 287/920/328
f 581/918/329 287/920/330 580/917/331 30/915/332
f 287/920/333 579/926/334 29/921/335 580/917/336
f 28/475/337 582/471/338 288/466/339 579/470/340
f 582/471/341 22/472/342 568/467/343 288/466/344
f 579/470/345 288/466/346 583/460/347 29/465/348
f 288/466/349 568/467/350 19/461/351 583/460/352
f 30/915/353 580/917/354 289/914/355 585/911/356
f 580/917/357 29/921/358 584/922/359 289/914/360
f 585/911/361 289/914/362 540/913/363 6/909/364
f 289/464/365 584/459/366 8/453/367 540/458/368
f 29/465/369 583/460/370 290/454/371 584/459/372
f 583/460/373 19/461/374 563/455/375 290/454/376
f 584/459/377 290/454/378 544/447/379 8/453/380
f 290/454/381 563/455/382 10/448/383 544/447/384
f 27/923/385 581/918/386 291/919/387 588/924/388
f 581/918/389 30/915/390 586/916/391 291/919/392
f 588/51/393 291/45/394 587/40/395 32/46/396
f 291/45/397 586/39/398 31/34/399 587/40/400
f 30/915/401 585/911/402 292/912/403 586/916/404
f 585/911/405 6/909/406 536/908/407 292/912/408
f 586/39/409 292/33/410 589/27/411 31/34/412
f 292/33/413 536/30/414 4/23/415 589/27/416
f 32/46/417 587/40/418 293/35/419 591/41/420
f 587/40/421 31/34/422 590/28/423 293/35/424
f 591/41/425 293/35/426 570/36/427 23/42/428
f 293/35/429 590/28/430 24/29/431 570/36/432
f 31/34/433 589/27/434 294/21/435 590/28/436
f 589/27/437 4/23/438 532/15/439 294/21/440
f 590/28/441 294/21/442 574/22/443 24/29/444
f 294/21/445 532/15/446 3/14/447 574/22/448
f 23/42/449 573/44/450 295/50/451 594/47/452
f 573/44/453 26/49/454 592/55/455 295/50/456
f 594/47/457 295/50/458 593/56/459 34/53/460
f 295/50/461 592/55/462 33/61/463 593/56/464
f 26/1058/465 577/1053/466 296/1057/467 592/1062/468
f 577/1053/469 21/1049/470 595/1052/471 296/1057/472
f 592/1062/473 296/1057/474 596/1061/475 33/1066/476
f 296/1057/477 595/1052/478 35/1056/479 596/1061/480
f 34/53/481 593/56/482 297/62/483 599/59/484
f 593/56/485 33/61/486 597/67/487 297/62/488
f 599/59/489 297/62/490 598/68/491 37/65/492
f 297/62/493 597/67/494 36/75/495 598/68/496
f 33/1066/497 596/1061/498 298/1065/499 597/1070/500
f 596/1061/501 35/1056/502 600/1060/503 298/1065/504
f 597/1070/505 298/1065/506 601/1069/507 36/1074/508
f 298/1065/509 600/1060/510 38/1064/511 601/1069/512
f 23/42/513 594/47/514 299/48/515 591/41/516
f 594/47/517 34/53/518 602/54/519 299/48/520
f 591/41/521 299/48/522 603/52/523 32/46/524
f 299/48/525 602/54/526 39/58/527 603/52/528
f 34/53/529 599/59/530 300/60/531 602/54/532
f 599/59/533 37/65/534 604/66/535 300/60/536
f 602/54/537 300/60/538 605/64/539 39/58/540
f 300/60/541 604/66/542 40/72/543 605/64/544
f 32/46/545 603/52/546 301/57/547 588/51/548
f 603/52/549 39/58/550 606/63/551 301/57/552
f 588/924/553 301/927/554 607/928/555 27/923/556
f 301/57/557 606/63/558 41/70/559 607/71/560
f 39/58/561 605/64/562 302/69/563 606/63/564
f 605/64/565 40/72/566 608/77/567 302/69/568
f 606/63/569 302/69/570 609/78/571 41/70/572
f 302/69/573 608/77/574 42/85/575 609/78/576
f 27/923/577 607/928/578 303/929/579 578/925/580
f 607/928/581 41/931/582 610/932/583 303/929/584
f 578/925/585 303/929/586 611/933/587 28/930/588
f 303/929/589 610/932/590 43/936/591 611/933/592
f 41/931/593 609/934/594 304/935/595 610/932/596
f 609/934/597 42/937/598 612/938/599 304/935/600
f 610/932/601 304/935/602 613/939/603 43/936/604
f 304/935/605 612/938/606 44/942/607 613/939/608
f 28/475/609 611/480/610 305/476/611 582/471/612
f 611/480/613 43/485/614 614/481/615 305/476/616
f 582/471/617 305/476/618 615/477/619 22/472/620
f 305/476/621 614/481/622 45/482/623 615/477/624
f 43/485/625 613/490/626 306/486/627 614/481/628
f 613/490/629 44/495/630 616/491/631 306/486/632
f 614/481/633 306/486/634 617/487/635 45/482/636
f 306/486/637 616/491/638 46/492/639 617/487/640
f 22/472/641 615/477/642 307/483/643 569/478/644
f 615/477/645 45/482/646 618/488/647 307/483/648
f 569/478/649 307/483/650 619/489/651 20/484/652
f 307/483/653 618/488/654 47/494/655 619/489/656
f 45/482/657 617/487/658 308/493/659 618/488/660
f 617/487/661 46/492/662 620/498/663 308/493/664
f 618/488/665 308/493/666 621/499/667 47/494/668
f 308/493/669 620/498/670 48/506/671 621/499/672
f 20/1042/673 619/1047/674 309/1048/675 566/1043/676
f 619/489/677 47/494/678 622/500/679 309/501/680
f 566/1043/681 309/1048/682 595/1052/683 21/1049/684
f 309/1048/685 622/1055/686 35/1056/687 595/1052/688
f 47/494/689 621/499/690 310/507/691 622/500/692
f 621/499/693 48/506/694 623/513/695 310/507/696
f 622/1055/697 310/1059/698 600/1060/699 35/1056/700
f 310/1059/701 623/1063/702 38/1064/703 600/1060/704
f 46/492/705 624/497/706 311/505/707 620/498/708
f 624/497/709 49/504/710 625/511/711 311/505/712
f 620/498/713 311/505/714 626/512/715 48/506/716
f 311/505/717 625/511/718 50/518/719 626/512/720
f 49/504/721 627/510/722 312/517/723 625/511/724
f 627/510/725 51/516/726 628/523/727 312/517/728
f 625/511/729 312/517/730 629/524/731 50/518/732
f 312/517/733 628/523/734 52/530/735 629/524/736
f 48/506/737 626/512/738 313/519/739 623/513/740
f 626/512/741 50/518/742 630/525/743 313/519/744
f 623/1063/745 313/1067/746 631/1068/747 38/1064/748
f 313/1067/749 630/1071/750 53/1072/751 631/1068/752
f 50/518/753 629/524/754 314/531/755 630/525/756
f 629/524/757 52/530/758 632/537/759 314/531/760
f 630/1071/761 314/1075/762 633/1076/763 53/1072/764
f 314/1075/765 632/1079/766 54/1080/767 633/1076/768
f 37/65/769 598/68/770 315/76/771 636/73/772
f 598/68/773 36/75/774 634/82/775 315/76/776
f 636/73/777 315/76/778 635/83/779 56/80/780
f 315/76/781 634/82/782 55/89/783 635/83/784
f 36/1074/785 601/1069/786 316/1073/787 634/1078/788
f 601/1069/789 38/1064/790 631/1068/791 316/1073/792
f 634/1078/793 316/1073/794 637/1077/795 55/1082/796
f 316/1073/797 631/1068/798 53/1072/799 637/1077/800
f 56/80/801 635/83/802 317/90/803 640/87/804
f 635/83/805 55/89/806 638/96/807 317/90/808
f 640/87/809 317/90/810 639/97/811 58/94/812
f 317/90/813 638/96/814 57/103/815 639/97/816
f 55/1082/817 637/1077/818 318/1081/819 638/1086/820
f 637/1077/821 53/1072/822 633/1076/823 318/1081/824
f 638/1086/825 318/1081/826 641/1085/827 57/1090/828
f 318/1081/829 633/1076/830 54/1080/831 641/1085/832
f 42/937/833 642/940/834 319/941/835 612/938/836
f 642/940/837 59/943/838 643/944/839 319/941/840
f 612/938/841 319/941/842 644/945/843 44/942/844
f 319/941/845 643/944/846 60/948/847 644/945/848
f 59/943/849 645/946/850 320/947/851 643/944/852
f 645/946/853 61/949/854 646/950/855 320/947/856
f 643/944/857 320/947/858 647/951/859 60/948/860
f 320/947/861 646/950/862 62/954/863 647/951/864
f 44/495/865 644/502/866 321/496/867 616/491/868
f 644/502/869 60/508/870 648/503/871 321/496/872
f 616/491/873 321/496/874 624/497/875 46/492/876
f 321/496/877 648/503/878 49/504/879 624/497/880
f 60/508/881 647/514/882 322/509/883 648/503/884
f 647/514/885 62/520/886 649/515/887 322/509/888
f 648/503/889 322/509/890 627/510/891 49/504/892
f 322/509/893 649/515/894 51/516/895 627/510/896
f 37/65/897 636/73/898 323/74/899 604/66/900
f 636/73/901 56/80/902 650/81/903 323/74/904
f 604/66/905 323/74/906 651/79/907 40/72/908
f 323/74/909 650/81/910 63/86/911 651/79/912
f 56/80/913 640/87/914 324/88/915 650/81/916
f 640/87/917 58/94/918 652/95/919 324/88/920
f 650/81/921 324/88/922 653/93/923 63/86/924
f 324/88/925 652/95/926 64/100/927 653/93/928
f 40/72/929 651/79/930 325/84/931 608/77/932
f 651/79/933 63/86/934 654/91/935 325/84/936
f 608/77/937 325/84/938 642/92/939 42/85/940
f 325/84/941 654/91/942 59/99/943 642/92/944
f 63/86/945 653/93/946 326/98/947 654/91/948
f 653/93/949 64/100/950 655/105/951 326/98/952
f 654/91/953 326/98/954 645/106/955 59/99/956
f 326/98/957 655/105/958 61/113/959 645/106/960
f 65/164/961 656/176/962 327/165/963 659/154/964
f 656/176/965 66/191/966 657/177/967 327/165/968
f 659/154/969 327/165/970 658/159/971 68/149/972
f 327/165/973 657/177/974 67/171/975 658/159/976
f 66/191/977 660/204/978 328/192/979 657/177/980
f 660/204/981 69/219/982 661/205/983 328/192/984
f 657/177/985 328/192/986 662/186/987 67/171/988
f 328/192/989 661/205/990 70/199/991 662/186/992
f 68/149/993 658/159/994 329/160/995 665/150/996
f 658/159/997 67/171/998 663/172/999 329/160/1000
f 665/150/1001 329/160/1002 664/173/1003 72/161/1004
f 329/160/1005 663/172/1006 71/188/1007 664/173/1008
f 67/171/1009 662/186/1010 330/187/1011 663/172/1012
f 662/186/1013 70/199/1014 666/200/1015 330/187/1016
f 663/172/1017 330/187/1018 667/201/1019 71/188/1020
f 330/187/1021 666/200/1022 73/216/1023 667/201/1024
f 65/164/1025 668/153/1026 331/163/1027 656/176/1028
f 668/153/1029 74/143/1030 669/152/1031 331/163/1032
f 656/176/1033 331/163/1034 670/175/1035 66/191/1036
f 331/163/1037 669/152/1038 75/162/1039 670/175/1040
f 74/143/1041 671/137/1042 332/146/1043 669/152/1044
f 671/137/1045 76/136/1046 672/145/1047 332/146/1048
f 669/152/1049 332/146/1050 673/156/1051 75/162/1052
f 332/146/1053 672/145/1054 77/155/1055 673/156/1056
f 66/191/1057 670/175/1058 333/190/1059 660/204/1060
f 670/175/1061 75/162/1062 674/174/1063 333/190/1064
f 660/204/1065 333/190/1066 675/203/1067 69/219/1068
f 333/190/1069 674/174/1070 78/189/1071 675/203/1072
f 75/162/1073 673/156/1074 334/167/1075 674/174/1076
f 673/156/1077 77/155/1078 676/166/1079 334/167/1080
f 674/174/1081 334/167/1082 677/179/1083 78/189/1084
f 334/167/1085 676/166/1086 79/178/1087 677/179/1088
f 80/588/1089 678/574/1090 335/590/1091 681/601/1092
f 678/574/1093 81/575/1094 679/589/1095 335/590/1096
f 681/601/1097 335/590/1098 680/605/1099 83/617/1100
f 335/590/1101 679/589/1102 82/604/1103 680/605/1104
f 81/972/1105 682/967/1106 336/969/1107 679/973/1108
f 682/967/1109 72/966/1110 664/968/1111 336/969/1112
f 679/589/1113 336/620/1114 683/621/1115 82/604/1116
f 336/969/1117 664/968/1118 71/970/1119 683/971/1120
f 83/617/1121 680/605/1122 337/623/1123 686/636/1124
f 680/605/1125 82/604/1126 684/622/1127 337/623/1128
f 686/636/1129 337/623/1130 685/641/1131 85/653/1132
f 337/623/1133 684/622/1134 84/640/1135 685/641/1136
f 82/604/1137 683/621/1138 338/639/1139 684/622/1140
f 683/971/1141 71/970/1142 667/974/1143 338/975/1144
f 684/622/1145 338/639/1146 687/656/1147 84/640/1148
f 338/975/1149 667/974/1150 73/976/1151 687/977/1152
f 86/609/1153 688/593/1154 339/594/1155 691/610/1156
f 688/593/1157 87/578/1158 689/579/1159 339/594/1160
f 691/610/1161 339/594/1162 690/603/1163 89/619/1164
f 339/594/1165 689/579/1166 88/587/1167 690/603/1168
f 87/578/1169 692/564/1170 340/565/1171 689/579/1172
f 692/564/1173 90/554/1174 693/553/1175 340/565/1176
f 689/579/1177 340/565/1178 694/572/1179 88/587/1180
f 340/565/1181 693/553/1182 91/560/1183 694/572/1184
f 89/619/1185 690/603/1186 341/618/1187 696/637/1188
f 690/603/1189 88/587/1190 695/602/1191 341/618/1192
f 696/637/1193 341/618/1194 686/636/1195 85/653/1196
f 341/618/1197 695/602/1198 83/617/1199 686/636/1200
f 88/587/1201 694/572/1202 342/586/1203 695/602/1204
f 694/572/1205 91/560/1206 697/573/1207 342/586/1208
f 695/602/1209 342/586/1210 681/601/1211 83/617/1212
f 342/586/1213 697/573/1214 80/588/1215 681/601/1216
f 77/155/1217 698/158/1218 343/170/1219 676/166/1220
f 698/1159/1221 92/1160/1222 699/1161/1223 343/1162/1224
f 676/1172/1225 343/1162/1226 700/1168/1227 79/1173/1228
f 343/1162/1229 699/1161/1230 93/1167/1231 700/1168/1232
f 94/567/1233 701/569/1234 344/557/1235 704/555/1236
f 701/569/1237 95/584/1238 702/570/1239 344/557/1240
f 704/555/1241 344/557/1242 703/547/1243 97/540/1244
f 344/557/1245 702/570/1246 96/558/1247 703/547/1248
f 95/584/1249 705/600/1250 345/585/1251 702/570/1252
f 705/1103/1253 98/1104/1254 706/1100/1255 345/1099/1256
f 702/570/1257 345/585/1258 707/571/1259 96/558/1260
f 345/1099/1261 706/1100/1262 99/1096/1263 707/1095/1264
f 97/540/1265 703/547/1266 346/541/1267 710/534/1268
f 703/547/1269 96/558/1270 708/548/1271 346/541/1272
f 710/534/1273 346/541/1274 709/535/1275 101/528/1276
f 346/541/1277 708/548/1278 100/542/1279 709/535/1280
f 96/558/1281 707/571/1282 347/559/1283 708/548/1284
f 707/1095/1285 99/1096/1286 711/1092/1287 347/1091/1288
f 708/548/1289 347/559/1290 712/549/1291 100/542/1292
f 347/1091/1293 711/1092/1294 102/1088/1295 712/1087/1296
f 103/1218/1297 713/1219/1298 348/1220/1299 716/1221/1300
f 713/1219/1301 104/1224/1302 714/1225/1303 348/1220/1304
f 716/315/1305 348/296/1306 715/274/1307 106/295/1308
f 348/296/1309 714/275/1310 105/257/1311 715/274/1312
f 104/1224/1313 717/1232/1314 349/1233/1315 714/1225/1316
f 717/1232/1317 107/1240/1318 718/1241/1319 349/1233/1320
f 714/275/1321 349/276/1322 719/240/1323 105/257/1324
f 349/1442/1325 718/1443/1326 108/1444/1327 719/1445/1328
f 106/295/1329 715/274/1330 350/256/1331 722/273/1332
f 715/274/1333 105/257/1334 720/239/1335 350/256/1336
f 722/273/1337 350/256/1338 721/238/1339 110/255/1340
f 350/256/1341 720/239/1342 109/225/1343 721/238/1344
f 105/257/1345 719/240/1346 351/226/1347 720/239/1348
f 719/240/1349 108/241/1350 723/212/1351 351/226/1352
f 720/239/1353 351/226/1354 724/211/1355 109/225/1356
f 351/226/1357 723/212/1358 111/198/1359 724/211/1360
f 112/580/1361 725/592/1362 352/608/1363 728/595/1364
f 725/592/1365 113/607/1366 726/626/1367 352/608/1368
f 728/595/1369 352/608/1370 727/627/1371 114/611/1372
f 352/1450/1373 726/1449/1374 107/1448/1375 727/1451/1376
f 115/665/1377 729/648/1378 353/649/1379 732/666/1380
f 729/648/1381 116/631/1382 730/632/1383 353/649/1384
f 732/666/1385 353/649/1386 731/664/1387 118/681/1388
f 353/649/1389 730/632/1390 117/647/1391 731/664/1392
f 116/631/1393 733/612/1394 354/613/1395 730/632/1396
f 733/612/1397 119/597/1398 734/596/1399 354/613/1400
f 730/632/1401 354/613/1402 735/630/1403 117/647/1404
f 354/613/1405 734/596/1406 114/611/1407 735/630/1408
f 118/1228/1409 731/1229/1410 355/1223/1411 737/1222/1412
f 731/1229/1413 117/1236/1414 736/1230/1415 355/1223/1416
f 737/1222/1417 355/1223/1418 713/1219/1419 103/1218/1420
f 355/1223/1421 736/1230/1422 104/1224/1423 713/1219/1424
f 117/1236/1425 735/1244/1426 356/1238/1427 736/1230/1428
f 735/1244/1429 114/1250/1430 727/1246/1431 356/1238/1432
f 736/1230/1433 356/1238/1434 717/1232/1435 104/1224/1436
f 356/1238/1437 727/1246/1438 107/1240/1439 717/1232/1440
f 120/1112/1441 738/1115/1442 357/1118/1443 741/1117/1444
f 738/1115/1445 121/1119/1446 739/1121/1447 357/1118/1448
f 741/195/1449 357/208/1450 740/196/1451 123/182/1452
f 357/1118/1453 739/1121/1454 122/1125/1455 740/1126/1456
f 121/1119/1457 742/1122/1458 358/1124/1459 739/1121/1460
f 742/1122/1461 124/1127/1462 743/1129/1463 358/1124/1464
f 739/1121/1465 358/1124/1466 744/1130/1467 122/1125/1468
f 358/1124/1469 743/1129/1470 125/1134/1471 744/1130/1472
f 123/182/1473 740/196/1474 359/197/1475 746/183/1476
f 740/196/1477 122/209/1478 745/210/1479 359/197/1480
f 746/183/1481 359/197/1482 724/211/1483 111/198/1484
f 359/197/1485 745/210/1486 109/225/1487 724/211/1488
f 122/209/1489 744/223/1490 360/224/1491 745/210/1492
f 744/223/1493 125/236/1494 747/237/1495 360/224/1496
f 745/210/1497 360/224/1498 721/238/1499 109/225/1500
f 360/224/1501 747/237/1502 110/255/1503 721/238/1504
f 124/1127/1505 742/1122/1506 361/1123/1507 750/1128/1508
f 742/1122/1509 121/1119/1510 748/1120/1511 361/1123/1512
f 750/702/1513 361/684/1514 749/668/1515 127/685/1516
f 361/684/1517 748/667/1518 126/651/1519 749/668/1520
f 121/1119/1521 738/1115/1522 362/1116/1523 748/1120/1524
f 738/1115/1525 120/1112/1526 751/1111/1527 362/1116/1528
f 748/667/1529 362/650/1530 752/633/1531 126/651/1532
f 362/650/1533 751/635/1534 128/615/1535 752/633/1536
f 127/685/1537 749/668/1538 363/652/1539 754/669/1540
f 749/668/1541 126/651/1542 753/634/1543 363/652/1544
f 754/669/1545 363/652/1546 729/648/1547 115/665/1548
f 363/652/1549 753/634/1550 116/631/1551 729/648/1552
f 126/651/1553 752/633/1554 364/614/1555 753/634/1556
f 752/633/1557 128/615/1558 755/598/1559 364/614/1560
f 753/634/1561 364/614/1562 733/612/1563 116/631/1564
f 364/614/1565 755/598/1566 119/597/1567 733/612/1568
f 129/1248/1569 756/1242/1570 365/1243/1571 759/1249/1572
f 756/1242/1573 130/1234/1574 757/1235/1575 365/1243/1576
f 759/1452/1577 365/1453/1578 758/1454/1579 132/1455/1580
f 365/1453/1581 757/1456/1582 131/1457/1583 758/1454/1584
f 130/1234/1585 760/1226/1586 366/1227/1587 757/1235/1588
f 760/1226/1589 103/1218/1590 716/1221/1591 366/1227/1592
f 757/354/1593 366/336/1594 761/314/1595 131/335/1596
f 366/336/1597 716/315/1598 106/295/1599 761/314/1600
f 132/369/1601 758/353/1602 367/334/1603 764/352/1604
f 758/353/1605 131/335/1606 762/313/1607 367/334/1608
f 764/352/1609 367/334/1610 763/312/1611 134/333/1612
f 367/334/1613 762/313/1614 133/293/1615 763/312/1616
f 131/335/1617 761/314/1618 368/294/1619 762/313/1620
f 761/314/1621 106/295/1622 722/273/1623 368/294/1624
f 762/313/1625 368/294/1626 765/272/1627 133/293/1628
f 368/294/1629 722/273/1630 110/255/1631 765/272/1632
f 135/740/1633 766/721/1634 369/722/1635 769/741/1636
f 766/721/1637 136/700/1638 767/701/1639 369/722/1640
f 769/741/1641 369/722/1642 768/739/1643 138/762/1644
f 369/722/1645 767/701/1646 137/720/1647 768/739/1648
f 136/700/1649 770/682/1650 370/683/1651 767/701/1652
f 770/682/1653 115/665/1654 732/666/1655 370/683/1656
f 767/701/1657 370/683/1658 771/699/1659 137/720/1660
f 370/683/1661 732/666/1662 118/681/1663 771/699/1664
f 138/1253/1665 768/1251/1666 371/1247/1667 773/1252/1668
f 768/1251/1669 137/1245/1670 772/1239/1671 371/1247/1672
f 773/1252/1673 371/1247/1674 756/1242/1675 129/1248/1676
f 371/1247/1677 772/1239/1678 130/1234/1679 756/1242/1680
f 137/1245/1681 771/1237/1682 372/1231/1683 772/1239/1684
f 771/1237/1685 118/1228/1686 737/1222/1687 372/1231/1688
f 772/1239/1689 372/1231/1690 760/1226/1691 130/1234/1692
f 372/1231/1693 737/1222/1694 103/1218/1695 760/1226/1696
f 124/1127/1697 774/1131/1698 373/1133/1699 743/1129/1700
f 774/1131/1701 139/1135/1702 775/1137/1703 373/1133/1704
f 743/1129/1705 373/1133/1706 776/1138/1707 125/1134/1708
f 373/1133/1709 775/1137/1710 140/1142/1711 776/1138/1712
f 139/1135/1713 777/1139/1714 374/1141/1715 775/1137/1716
f 777/1139/1717 141/1145/1718 778/1147/1719 374/1141/1720
f 775/1137/1721 374/1141/1722 779/1148/1723 140/1142/1724
f 374/1141/1725 778/1147/1726 142/1152/1727 779/1148/1728
f 125/236/1729 776/253/1730 375/254/1731 747/237/1732
f 776/253/1733 140/270/1734 780/271/1735 375/254/1736
f 747/237/1737 375/254/1738 765/272/1739 110/255/1740
f 375/254/1741 780/271/1742 133/293/1743 765/272/1744
f 140/270/1745 779/291/1746 376/292/1747 780/271/1748
f 779/1148/1749 142/1152/1750 781/1156/1751 376/1157/1752
f 780/271/1753 376/292/1754 763/312/1755 133/293/1756
f 376/292/1757 781/332/1758 134/333/1759 763/312/1760
f 141/1145/1761 777/1139/1762 377/1140/1763 784/1146/1764
f 777/1139/1765 139/1135/1766 782/1136/1767 377/1140/1768
f 784/783/1769 377/784/1770 783/743/1771 144/765/1772
f 377/1140/1773 782/1136/1774 143/1143/1775 783/1144/1776
f 139/1135/1777 774/1131/1778 378/1132/1779 782/1136/1780
f 774/1131/1781 124/1127/1782 750/1128/1783 378/1132/1784
f 782/742/1785 378/723/1786 785/703/1787 143/724/1788
f 378/723/1789 750/702/1790 127/685/1791 785/703/1792
f 144/765/1793 783/743/1794 379/725/1795 787/744/1796
f 783/743/1797 143/724/1798 786/704/1799 379/725/1800
f 787/744/1801 379/725/1802 766/721/1803 135/740/1804
f 379/725/1805 786/704/1806 136/700/1807 766/721/1808
f 143/724/1809 785/703/1810 380/686/1811 786/704/1812
f 785/703/1813 127/685/1814 754/669/1815 380/686/1816
f 786/704/1817 380/686/1818 770/682/1819 136/700/1820
f 380/686/1821 754/669/1822 115/665/1823 770/682/1824
f 145/430/1825 788/424/1826 381/417/1827 791/426/1828
f 788/424/1829 146/415/1830 789/404/1831 381/417/1832
f 791/426/1833 381/417/1834 790/418/1835 148/427/1836
f 381/417/1837 789/404/1838 147/405/1839 790/418/1840
f 146/415/1841 792/402/1842 382/390/1843 789/404/1844
f 792/402/1845 149/388/1846 793/376/1847 382/390/1848
f 789/404/1849 382/390/1850 794/391/1851 147/405/1852
f 382/390/1853 793/376/1854 150/377/1855 794/391/1856
f 148/1254/1857 790/1255/1858 383/1256/1859 797/1257/1860
f 790/418/1861 147/405/1862 795/416/1863 383/425/1864
f 797/1257/1865 383/1256/1866 796/1258/1867 152/1259/1868
f 383/1256/1869 795/1260/1870 151/1261/1871 796/1258/1872
f 147/405/1873 794/391/1874 384/403/1875 795/416/1876
f 794/391/1877 150/377/1878 798/389/1879 384/403/1880
f 795/1260/1881 384/1262/1882 799/1263/1883 151/1261/1884
f 384/1262/1885 798/1264/1886 153/1265/1887 799/1263/1888
f 149/388/1889 800/374/1890 385/361/1891 793/376/1892
f 800/374/1893 154/359/1894 801/344/1895 385/361/1896
f 793/376/1897 385/361/1898 802/362/1899 150/377/1900
f 385/361/1901 801/344/1902 155/345/1903 802/362/1904
f 154/359/1905 803/342/1906 386/324/1907 801/344/1908
f 803/342/1909 156/321/1910 804/303/1911 386/324/1912
f 801/344/1913 386/324/1914 805/325/1915 155/345/1916
f 386/324/1917 804/303/1918 157/304/1919 805/325/1920
f 150/377/1921 802/362/1922 387/375/1923 798/389/1924
f 802/362/1925 155/345/1926 806/360/1927 387/375/1928
f 798/1264/1929 387/1266/1930 807/1267/1931 153/1265/1932
f 387/1266/1933 806/1268/1934 158/1269/1935 807/1267/1936
f 155/345/1937 805/325/1938 388/343/1939 806/360/1940
f 805/325/1941 157/304/1942 808/323/1943 388/343/1944
f 806/1268/1945 388/1270/1946 809/1271/1947 158/1269/1948
f 388/1270/1949 808/1272/1950 159/1273/1951 809/1271/1952
f 156/321/1953 810/302/1954 389/284/1955 804/303/1956
f 810/302/1957 160/283/1958 811/263/1959 389/284/1960
f 804/303/1961 389/284/1962 812/285/1963 157/304/1964
f 389/284/1965 811/263/1966 161/264/1967 812/285/1968
f 160/283/1969 813/262/1970 390/246/1971 811/263/1972
f 813/262/1973 162/248/1974 814/231/1975 390/246/1976
f 811/263/1977 390/246/1978 815/247/1979 161/264/1980
f 390/246/1981 814/231/1982 163/217/1983 815/247/1984
f 157/304/1985 812/285/1986 391/322/1987 808/323/1988
f 812/1278/1989 161/1279/1990 816/1276/1991 391/1274/1992
f 808/1272/1993 391/1274/1994 817/1275/1995 159/1273/1996
f 391/1274/1997 816/1276/1998 164/1277/1999 817/1275/2000
f 161/1279/2001 815/1282/2002 392/1280/2003 816/1276/2004
f 815/1282/2005 163/1285/2006 818/1283/2007 392/1280/2008
f 816/1276/2009 392/1280/2010 819/1281/2011 164/1277/2012
f 392/1280/2013 818/1283/2014 165/1284/2015 819/1281/2016
f 166/767/2017 820/745/2018 393/768/2019 823/786/2020
f 820/745/2021 167/726/2022 821/747/2023 393/768/2024
f 823/1286/2025 393/1287/2026 822/1288/2027 169/1289/2028
f 393/1287/2029 821/1290/2030 168/1291/2031 822/1288/2032
f 167/726/2033 824/705/2034 394/746/2035 821/747/2036
f 824/1302/2037 170/1303/2038 825/1298/2039 394/1294/2040
f 821/1290/2041 394/1294/2042 826/1295/2043 168/1291/2044
f 394/1294/2045 825/1298/2046 171/1299/2047 826/1295/2048
f 169/308/2049 822/287/2050 395/288/2051 829/309/2052
f 822/287/2053 168/266/2054 827/267/2055 395/288/2056
f 829/309/2057 395/288/2058 828/307/2059 173/327/2060
f 395/288/2061 827/267/2062 172/286/2063 828/307/2064
f 168/266/2065 826/249/2066 396/250/2067 827/267/2068
f 826/249/2069 171/227/2070 830/233/2071 396/250/2072
f 827/267/2073 396/250/2074 831/265/2075 172/286/2076
f 396/250/2077 830/233/2078 162/248/2079 831/265/2080
f 166/767/2081 832/748/2082 397/727/2083 820/745/2084
f 832/748/2085 174/749/2086 833/728/2087 397/727/2088
f 820/745/2089 397/727/2090 834/706/2091 167/726/2092
f 397/727/2093 833/728/2094 175/707/2095 834/706/2096
f 174/1314/2097 835/1315/2098 398/1316/2099 833/1317/2100
f 835/346/2101 173/327/2102 828/307/2103 398/326/2104
f 833/1317/2105 398/1316/2106 836/1320/2107 175/1321/2108
f 398/326/2109 828/307/2110 172/286/2111 836/305/2112
f 167/726/2113 834/706/2114 399/688/2115 824/705/2116
f 834/706/2117 175/707/2118 837/689/2119 399/688/2120
f 824/705/2121 399/688/2122 838/671/2123 170/687/2124
f 399/688/2125 837/689/2126 176/655/2127 838/671/2128
f 175/1321/2129 836/1320/2130 400/1324/2131 837/1325/2132
f 836/305/2133 172/286/2134 831/265/2135 400/306/2136
f 837/1325/2137 400/1324/2138 839/1328/2139 176/1329/2140
f 400/1324/2141 831/1332/2142 162/1333/2143 839/1328/2144
f 177/735/2145 840/736/2146 401/717/2147 843/716/2148
f 840/736/2149 178/757/2150 841/734/2151 401/717/2152
f 843/716/2153 401/717/2154 842/696/2155 180/695/2156
f 401/717/2157 841/734/2158 179/715/2159 842/696/2160
f 178/1188/2161 844/1189/2162 402/1186/2163 841/1185/2164
f 844/1189/2165 181/1193/2166 845/1190/2167 402/1186/2168
f 841/1185/2169 402/1186/2170 846/1183/2171 179/1182/2172
f 402/1186/2173 845/1190/2174 182/1187/2175 846/1183/2176
f 180/695/2177 842/696/2178 403/678/2179 849/677/2180
f 842/696/2181 179/715/2182 847/694/2183 403/678/2184
f 849/677/2185 403/678/2186 848/661/2187 165/646/2188
f 403/678/2189 847/694/2190 183/676/2191 848/661/2192
f 179/1182/2193 846/1183/2194 404/1180/2195 847/1179/2196
f 846/1183/2197 182/1187/2198 850/1184/2199 404/1180/2200
f 847/1179/2201 404/1180/2202 851/1177/2203 183/1176/2204
f 404/1180/2205 850/1184/2206 184/1181/2207 851/1177/2208
f 177/1344/2209 843/1345/2210 405/1346/2211 854/1347/2212
f 843/1345/2213 180/1348/2214 852/1349/2215 405/1346/2216
f 854/1347/2217 405/1346/2218 853/1350/2219 186/1351/2220
f 405/1346/2221 852/1349/2222 185/1356/2223 853/1350/2224
f 180/1348/2225 849/1354/2226 406/1355/2227 852/1349/2228
f 849/1354/2229 165/1360/2230 818/1361/2231 406/1355/2232
f 852/1349/2233 406/1355/2234 855/1362/2235 185/1356/2236
f 406/1355/2237 818/1361/2238 163/1366/2239 855/1362/2240
f 186/282/2241 853/261/2242 407/251/2243 857/268/2244
f 853/261/2245 185/245/2246 856/234/2247 407/251/2248
f 857/268/2249 407/251/2250 845/252/2251 181/269/2252
f 407/251/2253 856/234/2254 182/235/2255 845/252/2256
f 185/245/2257 855/230/2258 408/221/2259 856/234/2260
f 855/230/2261 163/217/2262 858/207/2263 408/221/2264
f 856/234/2265 408/221/2266 850/222/2267 182/235/2268
f 408/221/2269 858/207/2270 184/206/2271 850/222/2272
f 187/316/2273 859/297/2274 409/280/2275 862/299/2276
f 859/297/2277 188/277/2278 860/259/2279 409/280/2280
f 862/299/2281 409/280/2282 861/281/2283 190/300/2284
f 409/280/2285 860/259/2286 189/260/2287 861/281/2288
f 188/277/2289 863/258/2290 410/242/2291 860/259/2292
f 863/258/2293 191/244/2294 864/228/2295 410/242/2296
f 860/259/2297 410/242/2298 865/243/2299 189/260/2300
f 410/242/2301 864/228/2302 171/227/2303 865/243/2304
f 190/300/2305 861/281/2306 411/298/2307 868/317/2308
f 861/281/2309 189/260/2310 866/279/2311 411/298/2312
f 868/1382/2313 411/1383/2314 867/1384/2315 193/1385/2316
f 411/1383/2317 866/1386/2318 192/1387/2319 867/1384/2320
f 189/260/2321 865/243/2322 412/278/2323 866/279/2324
f 865/1468/2325 171/1469/2326 825/1470/2327 412/1471/2328
f 866/1386/2329 412/1390/2330 869/1391/2331 192/1387/2332
f 412/1471/2333 825/1470/2334 170/1472/2335 869/1473/2336
f 194/811/2337 870/812/2338 413/797/2339 873/796/2340
f 870/812/2341 195/825/2342 871/810/2343 413/797/2344
f 873/796/2345 413/797/2346 872/779/2347 197/778/2348
f 413/797/2349 871/810/2350 196/795/2351 872/779/2352
f 195/825/2353 874/841/2354 414/842/2355 871/810/2356
f 874/1201/2357 198/1202/2358 875/1200/2359 414/1198/2360
f 871/1197/2361 414/1198/2362 876/1195/2363 196/1194/2364
f 414/1198/2365 875/1200/2366 199/1199/2367 876/1195/2368
f 197/778/2369 872/779/2370 415/759/2371 878/758/2372
f 872/779/2373 196/795/2374 877/777/2375 415/759/2376
f 878/758/2377 415/759/2378 840/736/2379 177/735/2380
f 415/759/2381 877/777/2382 178/757/2383 840/736/2384
f 196/1194/2385 876/1195/2386 416/1192/2387 877/1191/2388
f 876/1195/2389 199/1199/2390 879/1196/2391 416/1192/2392
f 877/1191/2393 416/1192/2394 844/1189/2395 178/1188/2396
f 416/1192/2397 879/1196/2398 181/1193/2399 844/1189/2400
f 194/1368/2401 873/1364/2402 417/1365/2403 882/1369/2404
f 873/1364/2405 197/1358/2406 880/1359/2407 417/1365/2408
f 882/1369/2409 417/1365/2410 881/1367/2411 201/1370/2412
f 417/1365/2413 880/1359/2414 200/1363/2415 881/1367/2416
f 197/1358/2417 878/1352/2418 418/1353/2419 880/1359/2420
f 878/1352/2421 177/1344/2422 854/1347/2423 418/1353/2424
f 880/1359/2425 418/1353/2426 883/1357/2427 200/1363/2428
f 418/1353/2429 854/1347/2430 186/1351/2431 883/1357/2432
f 201/358/2433 881/341/2434 419/330/2435 885/350/2436
f 881/341/2437 200/320/2438 884/310/2439 419/330/2440
f 885/350/2441 419/330/2442 875/331/2443 198/351/2444
f 419/330/2445 884/310/2446 199/311/2447 875/331/2448
f 200/320/2449 883/301/2450 420/289/2451 884/310/2452
f 883/301/2453 186/282/2454 857/268/2455 420/289/2456
f 884/310/2457 420/289/2458 879/290/2459 199/311/2460
f 420/289/2461 857/268/2462 181/269/2463 879/290/2464
f 202/999/2465 886/996/2466 421/998/2467 889/1001/2468
f 886/996/2469 203/992/2470 887/995/2471 421/998/2472
f 889/371/2473 421/356/2474 888/357/2475 205/372/2476
f 421/356/2477 887/339/2478 204/340/2479 888/357/2480
f 203/992/2481 890/990/2482 422/994/2483 887/995/2484
f 890/337/2485 187/316/2486 862/299/2487 422/318/2488
f 887/339/2489 422/318/2490 891/319/2491 204/340/2492
f 422/318/2493 862/299/2494 190/300/2495 891/319/2496
f 205/372/2497 888/357/2498 423/370/2499 894/384/2500
f 888/357/2501 204/340/2502 892/355/2503 423/370/2504
f 894/1396/2505 423/1394/2506 893/1395/2507 207/1397/2508
f 423/1394/2509 892/1392/2510 206/1393/2511 893/1395/2512
f 204/340/2513 891/319/2514 424/338/2515 892/355/2516
f 891/319/2517 190/300/2518 868/317/2519 424/338/2520
f 892/1392/2521 424/1388/2522 895/1389/2523 206/1393/2524
f 424/1388/2525 868/1382/2526 193/1385/2527 895/1389/2528
f 208/830/2529 896/815/2530 425/831/2531 899/848/2532
f 896/815/2533 209/800/2534 897/816/2535 425/831/2536
f 899/1304/2537 425/1300/2538 898/1301/2539 211/1305/2540
f 425/1300/2541 897/1296/2542 210/1297/2543 898/1301/2544
f 209/800/2545 900/785/2546 426/801/2547 897/816/2548
f 900/785/2549 166/767/2550 823/786/2551 426/801/2552
f 897/1296/2553 426/1292/2554 901/1293/2555 210/1297/2556
f 426/1292/2557 823/1286/2558 169/1289/2559 901/1293/2560
f 211/380/2561 898/365/2562 427/366/2563 904/381/2564
f 898/365/2565 210/348/2566 902/349/2567 427/366/2568
f 904/381/2569 427/366/2570 903/379/2571 213/393/2572
f 427/366/2573 902/349/2574 212/364/2575 903/379/2576
f 210/348/2577 901/328/2578 428/329/2579 902/349/2580
f 901/328/2581 169/308/2582 829/309/2583 428/329/2584
f 902/349/2585 428/329/2586 905/347/2587 212/364/2588
f 428/329/2589 829/309/2590 173/327/2591 905/347/2592
f 208/830/2593 906/817/2594 429/802/2595 896/815/2596
f 906/817/2597 214/818/2598 907/803/2599 429/802/2600
f 896/815/2601 429/802/2602 908/787/2603 209/800/2604
f 429/802/2605 907/803/2606 215/788/2607 908/787/2608
f 214/1330/2609 909/1331/2610 430/1327/2611 907/1326/2612
f 909/406/2613 213/393/2614 903/379/2615 430/392/2616
f 907/1326/2617 430/1327/2618 910/1323/2619 215/1322/2620
f 430/392/2621 903/379/2622 212/364/2623 910/378/2624
f 209/800/2625 908/787/2626 431/769/2627 900/785/2628
f 908/787/2629 215/788/2630 911/770/2631 431/769/2632
f 900/785/2633 431/769/2634 832/748/2635 166/767/2636
f 431/769/2637 911/770/2638 174/749/2639 832/748/2640
f 215/1322/2641 910/1323/2642 432/1319/2643 911/1318/2644
f 910/378/2645 212/364/2646 905/347/2647 432/363/2648
f 911/1318/2649 432/1319/2650 835/1315/2651 174/1314/2652
f 432/363/2653 905/347/2654 173/327/2655 835/346/2656
f 216/871/2657 912/872/2658 433/858/2659 915/857/2660
f 912/872/2661 217/883/2662 913/870/2663 433/858/2664
f 915/857/2665 433/858/2666 914/844/2667 219/843/2668
f 433/858/2669 913/870/2670 218/856/2671 914/844/2672
f 217/883/2673 916/894/2674 434/895/2675 913/870/2676
f 916/1212/2677 220/1213/2678 917/1210/2679 434/1209/2680
f 913/1214/2681 434/1209/2682 918/1205/2683 218/1211/2684
f 434/1209/2685 917/1210/2686 221/1206/2687 918/1205/2688
f 219/843/2689 914/844/2690 435/827/2691 920/826/2692
f 914/844/2693 218/856/2694 919/840/2695 435/827/2696
f 920/826/2697 435/827/2698 870/812/2699 194/811/2700
f 435/827/2701 919/840/2702 195/825/2703 870/812/2704
f 218/1211/2705 918/1205/2706 436/1203/2707 919/1207/2708
f 918/1205/2709 221/1206/2710 921/1204/2711 436/1203/2712
f 919/1207/2713 436/1203/2714 874/1201/2715 195/1208/2716
f 436/1203/2717 921/1204/2718 198/1202/2719 874/1201/2720
f 216/1380/2721 915/1377/2722 437/1378/2723 924/1381/2724
f 915/1377/2725 219/1374/2726 922/1375/2727 437/1378/2728
f 924/1474/2729 437/1475/2730 923/1476/2731 223/1477/2732
f 437/1378/2733 922/1375/2734 222/1376/2735 923/1379/2736
f 219/1374/2737 920/1371/2738 438/1372/2739 922/1375/2740
f 920/1371/2741 194/1368/2742 882/1369/2743 438/1372/2744
f 922/1375/2745 438/1372/2746 925/1373/2747 222/1376/2748
f 438/1372/2749 882/1369/2750 201/1370/2751 925/1373/2752
f 223/413/2753 923/401/2754 439/396/2755 927/414/2756
f 923/401/2757 222/387/2758 926/382/2759 439/396/2760
f 927/1216/2761 439/1217/2762 917/1210/2763 220/1213/2764
f 439/396/2765 926/382/2766 221/383/2767 917/397/2768
f 222/387/2769 925/373/2770 440/367/2771 926/382/2772
f 925/373/2773 201/358/2774 885/350/2775 440/367/2776
f 926/382/2777 440/367/2778 921/368/2779 221/383/2780
f 440/367/2781 885/350/2782 198/351/2783 921/368/2784
f 224/1011/2785 928/1008/2786 441/1010/2787 931/1012/2788
f 928/1008/2789 225/1005/2790 929/1007/2791 441/1010/2792
f 931/1480/2793 441/1481/2794 930/1482/2795 227/1483/2796
f 441/411/2797 929/399/2798 226/400/2799 930/412/2800
f 225/1005/2801 932/1002/2802 442/1004/2803 929/1007/2804
f 932/1002/2805 202/999/2806 889/1001/2807 442/1004/2808
f 929/399/2809 442/385/2810 933/386/2811 226/400/2812
f 442/385/2813 889/371/2814 205/372/2815 933/386/2816
f 227/1410/2817 930/1411/2818 443/1405/2819 936/1408/2820
f 930/412/2821 226/400/2822 934/410/2823 443/423/2824
f 936/1408/2825 443/1405/2826 935/1406/2827 229/1409/2828
f 443/1405/2829 934/1402/2830 228/1403/2831 935/1406/2832
f 226/400/2833 933/386/2834 444/398/2835 934/410/2836
f 933/386/2837 205/372/2838 894/384/2839 444/398/2840
f 934/1402/2841 444/1398/2842 937/1399/2843 228/1403/2844
f 444/1398/2845 894/1396/2846 207/1397/2847 937/1399/2848
f 230/886/2849 938/875/2850 445/887/2851 941/896/2852
f 938/875/2853 231/861/2854 939/876/2855 445/887/2856
f 941/1312/2857 445/1310/2858 940/1311/2859 233/1313/2860
f 445/1310/2861 939/1308/2862 232/1309/2863 940/1311/2864
f 231/861/2865 942/847/2866 446/862/2867 939/876/2868
f 942/847/2869 208/830/2870 899/848/2871 446/862/2872
f 939/1308/2873 446/1306/2874 943/1307/2875 232/1309/2876
f 446/1306/2877 899/1304/2878 211/1305/2879 943/1307/2880
f 233/1488/2881 940/1489/2882 447/1490/2883 946/1491/2884
f 940/421/2885 232/408/2886 944/409/2887 447/422/2888
f 946/432/2889 447/422/2890 945/429/2891 235/433/2892
f 447/422/2893 944/409/2894 234/420/2895 945/429/2896
f 232/408/2897 943/394/2898 448/395/2899 944/409/2900
f 943/394/2901 211/380/2902 904/381/2903 448/395/2904
f 944/409/2905 448/395/2906 947/407/2907 234/420/2908
f 448/395/2909 904/381/2910 213/393/2911 947/407/2912
f 230/886/2913 948/877/2914 449/863/2915 938/875/2916
f 948/877/2917 236/878/2918 949/864/2919 449/863/2920
f 938/875/2921 449/863/2922 950/849/2923 231/861/2924
f 449/863/2925 949/864/2926 237/850/2927 950/849/2928
f 236/1340/2929 951/1341/2930 450/1339/2931 949/1338/2932
f 951/1341/2933 235/1342/2934 945/1343/2935 450/1339/2936
f 949/1338/2937 450/1339/2938 952/1337/2939 237/1336/2940
f 450/431/2941 945/429/2942 234/420/2943 952/428/2944
f 231/861/2945 950/849/2946 451/832/2947 942/847/2948
f 950/849/2949 237/850/2950 953/833/2951 451/832/2952
f 942/847/2953 451/832/2954 906/817/2955 208/830/2956
f 451/832/2957 953/833/2958 214/818/2959 906/817/2960
f 237/1336/2961 952/1337/2962 452/1335/2963 953/1334/2964
f 952/428/2965 234/420/2966 947/407/2967 452/419/2968
f 953/1334/2969 452/1335/2970 909/1331/2971 214/1330/2972
f 452/419/2973 947/407/2974 213/393/2975 909/406/2976
f 68/149/2977 665/150/2978 453/141/2979 956/140/2980
f 665/150/2981 72/161/2982 954/151/2983 453/141/2984
f 956/140/2985 453/141/2986 955/133/2987 239/128/2988
f 453/141/2989 954/151/2990 238/142/2991 955/133/2992
f 72/966/2993 682/967/2994 454/965/2995 954/964/2996
f 682/576/2997 81/575/2998 957/562/2999 454/563/3000
f 954/964/3001 454/965/3002 958/962/3003 238/961/3004
f 454/563/3005 957/562/3006 240/544/3007 958/551/3008
f 239/128/3009 955/133/3010 455/126/3011 961/121/3012
f 955/133/3013 238/142/3014 959/134/3015 455/126/3016
f 961/121/3017 455/126/3018 960/119/3019 242/114/3020
f 455/126/3021 959/134/3022 241/127/3023 960/119/3024
f 238/961/3025 958/962/3026 456/959/3027 959/958/3028
f 958/551/3029 240/544/3030 962/538/3031 456/552/3032
f 959/958/3033 456/959/3034 963/956/3035 241/955/3036
f 456/959/3037 962/963/3038 243/960/3039 963/956/3040
f 242/114/3041 964/109/3042 457/116/3043 961/121/3044
f 964/109/3045 244/108/3046 965/115/3047 457/116/3048
f 961/121/3049 457/116/3050 966/123/3051 239/128/3052
f 457/116/3053 965/115/3054 245/122/3055 966/123/3056
f 244/108/3057 967/111/3058 458/118/3059 965/115/3060
f 967/111/3061 246/117/3062 968/124/3063 458/118/3064
f 965/115/3065 458/118/3066 969/125/3067 245/122/3068
f 458/118/3069 968/124/3070 247/131/3071 969/125/3072
f 239/128/3073 966/123/3074 459/130/3075 971/135/3076
f 966/123/3077 245/122/3078 970/129/3079 459/130/3080
f 971/135/3081 459/130/3082 671/137/3083 74/143/3084
f 459/130/3085 970/129/3086 76/136/3087 671/137/3088
f 245/122/3089 969/125/3090 460/132/3091 970/129/3092
f 969/125/3093 247/131/3094 972/138/3095 460/132/3096
f 970/129/3097 460/132/3098 973/139/3099 76/136/3100
f 460/132/3101 972/138/3102 248/147/3103 973/139/3104
f 135/740/3105 974/764/3106 461/766/3107 787/744/3108
f 974/1153/3109 249/1154/3110 975/1150/3111 461/1149/3112
f 787/744/3113 461/766/3114 784/783/3115 144/765/3116
f 461/1149/3117 975/1150/3118 141/1145/3119 784/1146/3120
f 91/560/3121 693/553/3122 462/545/3123 978/550/3124
f 693/553/3125 90/554/3126 976/546/3127 462/545/3128
f 978/550/3129 462/545/3130 977/539/3131 240/544/3132
f 462/545/3133 976/546/3134 97/540/3135 977/539/3136
f 80/588/3137 697/573/3138 463/561/3139 678/574/3140
f 697/573/3141 91/560/3142 978/550/3143 463/561/3144
f 678/574/3145 463/561/3146 957/562/3147 81/575/3148
f 463/561/3149 978/550/3150 240/544/3151 957/562/3152
f 94/567/3153 704/555/3154 464/556/3155 980/568/3156
f 704/555/3157 97/540/3158 976/546/3159 464/556/3160
f 980/568/3161 464/556/3162 979/566/3163 112/580/3164
f 464/556/3165 976/546/3166 90/554/3167 979/566/3168
f 145/1496/3169 791/1497/3170 465/1498/3171 982/1499/3172
f 791/1497/3173 148/1500/3174 797/1501/3175 465/1498/3176
f 982/879/3177 465/873/3178 981/859/3179 250/866/3180
f 465/873/3181 797/874/3182 152/860/3183 981/859/3184
f 216/871/3185 924/884/3186 466/885/3187 912/872/3188
f 924/1474/3189 223/1477/3190 927/1478/3191 466/1479/3192
f 912/872/3193 466/885/3194 916/894/3195 217/883/3196
f 466/1215/3197 927/1216/3198 220/1213/3199 916/1212/3200
f 227/1483/3201 936/1484/3202 467/1485/3203 931/1480/3204
f 936/899/3205 229/893/3206 983/882/3207 467/891/3208
f 931/1480/3209 467/1485/3210 984/1486/3211 224/1487/3212
f 467/891/3213 983/882/3214 251/881/3215 984/890/3216
f 235/1494/3217 951/1495/3218 468/1492/3219 946/1491/3220
f 951/888/3221 236/878/3222 948/877/3223 468/889/3224
f 946/1491/3225 468/1492/3226 941/1493/3227 233/1488/3228
f 468/889/3229 948/877/3230 230/886/3231 941/896/3232
f 240/544/3233 977/539/3234 469/533/3235 962/538/3236
f 977/539/3237 97/540/3238 710/534/3239 469/533/3240
f 962/538/3241 469/533/3242 985/527/3243 243/532/3244
f 469/533/3245 710/534/3246 101/528/3247 985/527/3248
f 165/646/3249 986/645/3250 470/662/3251 819/663/3252
f 986/645/3253 176/655/3254 987/672/3255 470/662/3256
f 819/663/3257 470/662/3258 988/679/3259 164/680/3260
f 470/662/3261 987/672/3262 252/690/3263 988/679/3264
f 176/1420/3265 839/1416/3266 471/1412/3267 987/1421/3268
f 839/1416/3269 162/1417/3270 813/1413/3271 471/1412/3272
f 987/672/3273 471/708/3274 989/709/3275 252/690/3276
f 471/1412/3277 813/1413/3278 160/1414/3279 989/1415/3280
f 170/687/3281 990/675/3282 472/693/3283 869/711/3284
f 990/675/3285 253/674/3286 991/692/3287 472/693/3288
f 869/711/3289 472/693/3290 992/714/3291 192/730/3292
f 472/693/3293 991/692/3294 254/713/3295 992/714/3296
f 253/674/3297 993/691/3298 473/712/3299 991/692/3300
f 993/981/3301 191/980/3302 863/982/3303 473/983/3304
f 991/692/3305 473/712/3306 994/731/3307 254/713/3308
f 473/983/3309 863/982/3310 188/984/3311 994/985/3312
f 159/719/3313 995/718/3314 474/737/3315 809/738/3316
f 995/718/3317 255/729/3318 996/752/3319 474/737/3320
f 809/738/3321 474/737/3322 997/760/3323 158/761/3324
f 474/737/3325 996/752/3326 256/772/3327 997/760/3328
f 255/729/3329 998/751/3330 475/771/3331 996/752/3332
f 998/1423/3333 156/1422/3334 803/1426/3335 475/1427/3336
f 996/752/3337 475/771/3338 999/789/3339 256/772/3340
f 475/1427/3341 803/1426/3342 154/1428/3343 999/1429/3344
f 193/773/3345 1000/756/3346 476/776/3347 895/791/3348
f 1000/756/3349 257/755/3350 1001/775/3351 476/776/3352
f 895/791/3353 476/776/3354 1002/794/3355 206/806/3356
f 476/776/3357 1001/775/3358 258/793/3359 1002/794/3360
f 257/755/3361 1003/774/3362 477/792/3363 1001/775/3364
f 1003/989/3365 187/988/3366 890/990/3367 477/991/3368
f 1001/775/3369 477/792/3370 1004/807/3371 258/793/3372
f 477/991/3373 890/990/3374 203/992/3375 1004/993/3376
f 153/799/3377 1005/798/3378 478/813/3379 799/814/3380
f 1005/798/3381 259/805/3382 1006/820/3383 478/813/3384
f 799/814/3385 478/813/3386 1007/828/3387 151/829/3388
f 478/813/3389 1006/820/3390 260/835/3391 1007/828/3392
f 259/805/3393 1008/819/3394 479/834/3395 1006/820/3396
f 1008/1433/3397 149/1432/3398 792/1434/3399 479/1435/3400
f 1006/820/3401 479/834/3402 1009/851/3403 260/835/3404
f 479/1435/3405 792/1434/3406 146/1436/3407 1009/1437/3408
f 207/1397/3409 1010/1400/3410 480/1401/3411 937/1399/3412
f 1010/824/3413 261/823/3414 1011/838/3415 480/839/3416
f 937/1399/3417 480/1401/3418 1012/1404/3419 228/1403/3420
f 480/839/3421 1011/838/3422 262/854/3423 1012/855/3424
f 261/823/3425 1013/837/3426 481/853/3427 1011/838/3428
f 1013/1000/3429 202/999/3430 932/1002/3431 481/1003/3432
f 1011/838/3433 481/853/3434 1014/867/3435 262/854/3436
f 481/1003/3437 932/1002/3438 225/1005/3439 1014/1006/3440
f 247/1106/3441 968/1102/3442 482/1097/3443 1016/1101/3444
f 968/1102/3445 246/1098/3446 1015/1093/3447 482/1097/3448
f 1016/1101/3449 482/1097/3450 711/1092/3451 99/1096/3452
f 482/1097/3453 1015/1093/3454 102/1088/3455 711/1092/3456
f 70/199/3457 661/205/3458 483/220/3459 1018/214/3460
f 661/205/3461 69/219/3462 1017/232/3463 483/220/3464
f 1018/214/3465 483/220/3466 830/233/3467 171/227/3468
f 483/220/3469 1017/232/3470 162/248/3471 830/233/3472
f 73/216/3473 666/200/3474 484/215/3475 1019/229/3476
f 666/200/3477 70/199/3478 1018/214/3479 484/215/3480
f 1019/229/3481 484/215/3482 864/228/3483 191/244/3484
f 484/215/3485 1018/214/3486 171/227/3487 864/228/3488
f 84/640/3489 687/656/3490 485/673/3491 1020/657/3492
f 687/977/3493 73/976/3494 1019/978/3495 485/979/3496
f 1020/657/3497 485/673/3498 993/691/3499 253/674/3500
f 485/979/3501 1019/978/3502 191/980/3503 993/981/3504
f 85/653/3505 685/641/3506 486/658/3507 1021/670/3508
f 685/641/3509 84/640/3510 1020/657/3511 486/658/3512
f 1021/670/3513 486/658/3514 990/675/3515 170/687/3516
f 486/658/3517 1020/657/3518 253/674/3519 990/675/3520
f 89/619/3521 696/637/3522 487/654/3523 1022/638/3524
f 696/637/3525 85/653/3526 1021/670/3527 487/654/3528
f 1022/638/3529 487/654/3530 838/671/3531 176/655/3532
f 487/654/3533 1021/670/3534 170/687/3535 838/671/3536
f 86/609/3537 691/610/3538 488/628/3539 1023/629/3540
f 691/610/3541 89/619/3542 1022/638/3543 488/628/3544
f 1023/629/3545 488/628/3546 986/645/3547 165/646/3548
f 488/628/3549 1022/638/3550 176/655/3551 986/645/3552
f 93/643/3553 1024/625/3554 489/644/3555 1025/660/3556
f 1024/625/3557 86/609/3558 1023/629/3559 489/644/3560
f 1025/660/3561 489/644/3562 848/661/3563 183/676/3564
f 489/644/3565 1023/629/3566 165/646/3567 848/661/3568
f 183/1176/3569 851/1177/3570 490/1171/3571 1025/1170/3572
f 851/1177/3573 184/1181/3574 1026/1178/3575 490/1171/3576
f 1025/1170/3577 490/1171/3578 700/1168/3579 93/1167/3580
f 490/1171/3581 1026/1178/3582 79/1173/3583 700/1168/3584
f 78/189/3585 677/179/3586 491/194/3587 1027/202/3588
f 677/179/3589 79/178/3590 1026/193/3591 491/194/3592
f 1027/202/3593 491/194/3594 858/207/3595 163/217/3596
f 491/194/3597 1026/193/3598 184/206/3599 858/207/3600
f 69/219/3601 675/203/3602 492/218/3603 1017/232/3604
f 675/203/3605 78/189/3606 1027/202/3607 492/218/3608
f 1017/232/3609 492/218/3610 814/231/3611 162/248/3612
f 492/218/3613 1027/202/3614 163/217/3615 814/231/3616
f 138/762/3617 773/782/3618 493/763/3619 769/741/3620
f 773/1464/3621 129/1461/3622 1028/1460/3623 493/1465/3624
f 769/741/3625 493/763/3626 974/764/3627 135/740/3628
f 493/1465/3629 1028/1460/3630 249/1466/3631 974/1467/3632
f 260/835/3633 1009/851/3634 494/865/3635 1029/852/3636
f 1009/1437/3637 146/1436/3638 788/1438/3639 494/1439/3640
f 1029/852/3641 494/865/3642 982/879/3643 250/866/3644
f 494/1439/3645 788/1438/3646 145/1440/3647 982/1441/3648
f 151/829/3649 1007/828/3650 495/845/3651 796/846/3652
f 1007/828/3653 260/835/3654 1029/852/3655 495/845/3656
f 796/846/3657 495/845/3658 981/859/3659 152/860/3660
f 495/845/3661 1029/852/3662 250/866/3663 981/859/3664
f 256/772/3665 999/789/3666 496/804/3667 1030/790/3668
f 999/1429/3669 154/1428/3670 800/1430/3671 496/1431/3672
f 1030/790/3673 496/804/3674 1008/819/3675 259/805/3676
f 496/1431/3677 800/1430/3678 149/1432/3679 1008/1433/3680
f 158/761/3681 997/760/3682 497/780/3683 807/781/3684
f 997/760/3685 256/772/3686 1030/790/3687 497/780/3688
f 807/781/3689 497/780/3690 1005/798/3691 153/799/3692
f 497/780/3693 1030/790/3694 259/805/3695 1005/798/3696
f 252/1424/3697 989/1415/3698 498/1419/3699 1031/1425/3700
f 989/1415/3701 160/1414/3702 810/1418/3703 498/1419/3704
f 1031/710/3705 498/750/3706 998/751/3707 255/729/3708
f 498/1419/3709 810/1418/3710 156/1422/3711 998/1423/3712
f 164/680/3713 988/679/3714 499/697/3715 817/698/3716
f 988/679/3717 252/690/3718 1031/710/3719 499/697/3720
f 817/698/3721 499/697/3722 995/718/3723 159/719/3724
f 499/697/3725 1031/710/3726 255/729/3727 995/718/3728
f 262/854/3729 1014/867/3730 500/880/3731 1032/868/3732
f 1014/1006/3733 225/1005/3734 928/1008/3735 500/1009/3736
f 1032/868/3737 500/880/3738 984/890/3739 251/881/3740
f 500/880/3741 928/897/3742 224/898/3743 984/890/3744
f 228/1403/3745 1012/1404/3746 501/1407/3747 935/1406/3748
f 1012/855/3749 262/854/3750 1032/868/3751 501/869/3752
f 935/892/3753 501/869/3754 983/882/3755 229/893/3756
f 501/869/3757 1032/868/3758 251/881/3759 983/882/3760
f 258/793/3761 1004/807/3762 502/822/3763 1033/808/3764
f 1004/993/3765 203/992/3766 886/996/3767 502/997/3768
f 1033/808/3769 502/822/3770 1013/837/3771 261/823/3772
f 502/997/3773 886/996/3774 202/999/3775 1013/1000/3776
f 206/806/3777 1002/794/3778 503/809/3779 893/821/3780
f 1002/794/3781 258/793/3782 1033/808/3783 503/809/3784
f 893/821/3785 503/809/3786 1010/824/3787 207/836/3788
f 503/809/3789 1033/808/3790 261/823/3791 1010/824/3792
f 254/713/3793 994/731/3794 504/754/3795 1034/732/3796
f 994/985/3797 188/984/3798 859/986/3799 504/987/3800
f 1034/732/3801 504/754/3802 1003/774/3803 257/755/3804
f 504/987/3805 859/986/3806 187/988/3807 1003/989/3808
f 192/730/3809 992/714/3810 505/733/3811 867/753/3812
f 992/714/3813 254/713/3814 1034/732/3815 505/733/3816
f 867/753/3817 505/733/3818 1000/756/3819 193/773/3820
f 505/733/3821 1034/732/3822 257/755/3823 1000/756/3824
f 249/1466/3825 1028/1460/3826 506/1458/3827 1035/1462/3828
f 1028/1460/3829 129/1461/3830 759/1452/3831 506/1458/3832
f 1035/1462/3833 506/1458/3834 764/1459/3835 134/1463/3836
f 506/1458/3837 759/1452/3838 132/1455/3839 764/1459/3840
f 141/1145/3841 975/1150/3842 507/1151/3843 778/1147/3844
f 975/1150/3845 249/1154/3846 1035/1155/3847 507/1151/3848
f 778/1147/3849 507/1151/3850 781/1156/3851 142/1152/3852
f 507/1151/3853 1035/1155/3854 134/1158/3855 781/1156/3856
f 248/1114/3857 972/1110/3858 508/1105/3859 1036/1109/3860
f 972/1110/3861 247/1106/3862 1016/1101/3863 508/1105/3864
f 1036/1109/3865 508/1105/3866 706/1100/3867 98/1104/3868
f 508/1105/3869 1016/1101/3870 99/1096/3871 706/1100/3872
f 51/516/3873 1037/522/3874 509/529/3875 628/523/3876
f 1037/522/3877 101/528/3878 709/535/3879 509/529/3880
f 628/523/3881 509/529/3882 1038/536/3883 52/530/3884
f 509/529/3885 709/535/3886 100/542/3887 1038/536/3888
f 52/530/3889 1038/536/3890 510/543/3891 632/537/3892
f 1038/536/3893 100/542/3894 712/549/3895 510/543/3896
f 632/1079/3897 510/1083/3898 1039/1084/3899 54/1080/3900
f 510/1083/3901 712/1087/3902 102/1088/3903 1039/1084/3904
f 64/100/3905 1040/107/3906 511/112/3907 655/105/3908
f 1040/107/3909 242/114/3910 960/119/3911 511/112/3912
f 655/105/3913 511/112/3914 1041/120/3915 61/113/3916
f 511/112/3917 960/119/3918 241/127/3919 1041/120/3920
f 62/520/3921 1042/526/3922 512/521/3923 649/515/3924
f 1042/526/3925 243/532/3926 985/527/3927 512/521/3928
f 649/515/3929 512/521/3930 1037/522/3931 51/516/3932
f 512/521/3933 985/527/3934 101/528/3935 1037/522/3936
f 65/164/3937 659/154/3938 513/144/3939 668/153/3940
f 659/154/3941 68/149/3942 956/140/3943 513/144/3944
f 668/153/3945 513/144/3946 971/135/3947 74/143/3948
f 513/144/3949 956/140/3950 239/128/3951 971/135/3952
f 58/94/3953 1043/101/3954 514/102/3955 652/95/3956
f 1043/101/3957 244/108/3958 964/109/3959 514/102/3960
f 652/95/3961 514/102/3962 1040/107/3963 64/100/3964
f 514/102/3965 964/109/3966 242/114/3967 1040/107/3968
f 61/949/3969 1041/952/3970 515/953/3971 646/950/3972
f 1041/952/3973 241/955/3974 963/956/3975 515/953/3976
f 646/950/3977 515/953/3978 1042/957/3979 62/954/3980
f 515/953/3981 963/956/3982 243/960/3983 1042/957/3984
f 54/1080/3985 1039/1084/3986 516/1089/3987 641/1085/3988
f 1039/1084/3989 102/1088/3990 1015/1093/3991 516/1089/3992
f 641/1085/3993 516/1089/3994 1044/1094/3995 57/1090/3996
f 516/1089/3997 1015/1093/3998 246/1098/3999 1044/1094/4000
f 57/103/4001 1044/110/4002 517/104/4003 639/97/4004
f 1044/110/4005 246/117/4006 967/111/4007 517/104/4008
f 639/97/4009 517/104/4010 1043/101/4011 58/94/4012
f 517/104/4013 967/111/4014 244/108/4015 1043/101/4016
f 112/580/4017 979/566/4018 518/577/4019 725/592/4020
f 979/566/4021 90/554/4022 692/564/4023 518/577/4024
f 725/592/4025 518/577/4026 1045/591/4027 113/607/4028
f 518/577/4029 692/564/4030 87/578/4031 1045/591/4032
f 108/1444/4033 718/1443/4034 519/1446/4035 1047/1447/4036
f 718/1443/4037 107/1448/4038 726/1449/4039 519/1446/4040
f 1047/659/4041 519/642/4042 1046/624/4043 93/643/4044
f 519/642/4045 726/626/4046 113/607/4047 1046/624/4048
f 114/611/4049 734/596/4050 520/581/4051 728/595/4052
f 734/596/4053 119/597/4054 1048/582/4055 520/581/4056
f 728/595/4057 520/581/4058 980/568/4059 112/580/4060
f 520/581/4061 1048/582/4062 94/567/4063 980/568/4064
f 119/597/4065 755/598/4066 521/583/4067 1048/582/4068
f 755/598/4069 128/615/4070 1049/599/4071 521/583/4072
f 1048/582/4073 521/583/4074 701/569/4075 94/567/4076
f 521/583/4077 1049/599/4078 95/584/4079 701/569/4080
f 128/615/4081 751/635/4082 522/616/4083 1049/599/4084
f 751/1111/4085 120/1112/4086 1050/1108/4087 522/1107/4088
f 1049/599/4089 522/616/4090 705/600/4091 95/584/4092
f 522/1107/4093 1050/1108/4094 98/1104/4095 705/1103/4096
f 248/147/4097 1036/180/4098 523/181/4099 1051/168/4100
f 1036/1109/4101 98/1104/4102 1050/1108/4103 523/1113/4104
f 1051/168/4105 523/181/4106 741/195/4107 123/182/4108
f 523/1113/4109 1050/1108/4110 120/1112/4111 741/1117/4112
f 93/643/4113 1046/624/4114 524/606/4115 1024/625/4116
f 1046/624/4117 113/607/4118 1045/591/4119 524/606/4120
f 1024/625/4121 524/606/4122 688/593/4123 86/609/4124
f 524/606/4125 1045/591/4126 87/578/4127 688/593/4128
f 92/1160/4129 1052/1165/4130 525/1166/4131 699/1161/4132
f 1052/185/4133 111/198/4134 723/212/4135 525/213/4136
f 699/1161/4137 525/1166/4138 1047/1169/4139 93/1167/4140
f 525/1166/4141 723/1174/4142 108/1175/4143 1047/1169/4144
f 77/155/4145 672/145/4146 526/148/4147 698/158/4148
f 672/145/4149 76/136/4150 973/139/4151 526/148/4152
f 698/1159/4153 526/1163/4154 1053/1164/4155 92/1160/4156
f 526/148/4157 973/139/4158 248/147/4159 1053/157/4160
f 92/184/4161 1053/157/4162 527/169/4163 1052/185/4164
f 1053/157/4165 248/147/4166 1051/168/4167 527/169/4168
f 1052/185/4169 527/169/4170 746/183/4171 111/198/4172
f 527/169/4173 1051/168/4174 123/182/4175 746/183/4176
s 1
f 528/1502/4177 263/1503/4178 1054/1504/4179
f 263/1503/4178 530/1505/4180 1054/1504/4179
f 530/1505/4180 265/1507/4181 1054/1504/4179
f 265/1507/4181 535/1509/4182 1054/1504/4179
f 535/1509/4182 267/1511/4183 1054/1504/4179
f 267/1511/4183 539/1513/4184 1054/1504/4179
f 539/1513/4184 269/1515/4185 1054/1504/4179
f 269/1515/4185 543/1517/4186 1054/1504/4179
f 543/1517/4186 271/1518/4187 1054/1504/4179
f 271/1518/4187 547/1516/4188 1054/1504/4179
f 547/1516/4188 273/1514/4189 1054/1504/4179
f 273/1514/4189 551/1512/4190 1054/1504/4179
f 551/1512/4190 275/1510/4191 1054/1504/4179
f 275/1510/4191 555/1508/4192 1054/1504/4179
f 555/1508/4192 277/1506/4193 1054/1504/4179
f 277/1506/4193 528/1502/4177 1054/1504/4179
